seq,A, C, E, D, G, F, I, H, K, M, L, N, Q, P, S, R, T, W, V, Y,
AKDEH,16.667,0.0,16.667,16.667,0.0,0.0,0.0,16.667,16.667,0.0,0.0,0.0,0.0,0.0,0.0,0.0,0.0,0.0,0.0,0.0,
AKTVQ,16.667,0.0,0.0,0.0,0.0,0.0,0.0,0.0,16.667,0.0,0.0,0.0,16.667,0.0,0.0,0.0,16.667,0.0,16.667,0.0,
ARNQT,16.667,0.0,0.0,0.0,0.0,0.0,0.0,0.0,0.0,0.0,0.0,16.667,16.667,0.0,0.0,16.667,16.667,0.0,0.0,0.0,
DRVGA,16.667,0.0,0.0,16.667,16.667,0.0,0.0,0.0,0.0,0.0,0.0,0.0,0.0,0.0,0.0,16.667,0.0,0.0,16.667,0.0,
EKMIG,0.0,0.0,16.667,0.0,16.667,0.0,16.667,0.0,16.667,16.667,0.0,0.0,0.0,0.0,0.0,0.0,0.0,0.0,0.0,0.0,
ERGMT,0.0,0.0,16.667,0.0,16.667,0.0,0.0,0.0,0.0,16.667,0.0,0.0,0.0,0.0,0.0,16.667,16.667,0.0,0.0,0.0,
ERNNT,0.0,0.0,16.667,0.0,0.0,0.0,0.0,0.0,0.0,0.0,0.0,33.333,0.0,0.0,0.0,16.667,16.667,0.0,0.0,0.0,
ERPVG,0.0,0.0,16.667,0.0,16.667,0.0,0.0,0.0,0.0,0.0,0.0,0.0,0.0,16.667,0.0,16.667,0.0,0.0,16.667,0.0,
GKAEF,16.667,0.0,16.667,0.0,16.667,16.667,0.0,0.0,16.667,0.0,0.0,0.0,0.0,0.0,0.0,0.0,0.0,0.0,0.0,0.0,
LPFEF,0.0,0.0,16.667,0.0,0.0,33.333,0.0,0.0,0.0,0.0,16.667,0.0,0.0,16.667,0.0,0.0,0.0,0.0,0.0,0.0,
LPFEH,0.0,0.0,16.667,0.0,0.0,16.667,0.0,16.667,0.0,0.0,16.667,0.0,0.0,16.667,0.0,0.0,0.0,0.0,0.0,0.0,
MKAEH,16.667,0.0,16.667,0.0,0.0,0.0,0.0,16.667,16.667,16.667,0.0,0.0,0.0,0.0,0.0,0.0,0.0,0.0,0.0,0.0,
MPFEF,0.0,0.0,16.667,0.0,0.0,33.333,0.0,0.0,0.0,16.667,0.0,0.0,0.0,16.667,0.0,0.0,0.0,0.0,0.0,0.0,
QRGMI,0.0,0.0,0.0,0.0,16.667,0.0,16.667,0.0,0.0,16.667,0.0,0.0,16.667,0.0,0.0,16.667,0.0,0.0,0.0,0.0,
SKDYN,0.0,0.0,0.0,16.667,0.0,0.0,0.0,0.0,16.667,0.0,0.0,16.667,0.0,0.0,16.667,0.0,0.0,0.0,0.0,16.667,
SRNVT,0.0,0.0,0.0,0.0,0.0,0.0,0.0,0.0,0.0,0.0,0.0,16.667,0.0,0.0,16.667,16.667,16.667,0.0,16.667,0.0,
VPFEF,0.0,0.0,16.667,0.0,0.0,33.333,0.0,0.0,0.0,0.0,0.0,0.0,0.0,16.667,0.0,0.0,0.0,0.0,16.667,0.0,
ADLPFEF,12.5,0.0,12.5,12.5,0.0,25.0,0.0,0.0,0.0,0.0,12.5,0.0,0.0,12.5,0.0,0.0,0.0,0.0,0.0,0.0,
AITLIFI,12.5,0.0,0.0,0.0,0.0,12.5,37.5,0.0,0.0,0.0,12.5,0.0,0.0,0.0,0.0,0.0,12.5,0.0,0.0,0.0,
LVTLVFV,0.0,0.0,0.0,0.0,0.0,12.5,0.0,0.0,0.0,0.0,25.0,0.0,0.0,0.0,0.0,0.0,12.5,0.0,37.5,0.0,
NEVPFEF,0.0,0.0,25.0,0.0,0.0,25.0,0.0,0.0,0.0,0.0,0.0,12.5,0.0,12.5,0.0,0.0,0.0,0.0,12.5,0.0,
SDLPFEH,0.0,0.0,12.5,12.5,0.0,12.5,0.0,12.5,0.0,0.0,12.5,0.0,0.0,12.5,12.5,0.0,0.0,0.0,0.0,0.0,
SDMPFEF,0.0,0.0,12.5,12.5,0.0,25.0,0.0,0.0,0.0,12.5,0.0,0.0,0.0,12.5,12.5,0.0,0.0,0.0,0.0,0.0,
SYPGWSW,0.0,0.0,0.0,0.0,12.5,0.0,0.0,0.0,0.0,0.0,0.0,0.0,0.0,12.5,25.0,0.0,0.0,25.0,0.0,12.5,
GLDWWSL,0.0,0.0,0.0,12.5,12.5,0.0,0.0,0.0,0.0,0.0,25.0,0.0,0.0,0.0,12.5,0.0,0.0,25.0,0.0,0.0,
ALILTLVS,11.111,0.0,0.0,0.0,0.0,0.0,11.111,0.0,0.0,0.0,33.333,0.0,0.0,0.0,11.111,0.0,11.111,0.0,11.111,0.0,
FLVMFLSG,0.0,0.0,0.0,0.0,11.111,22.222,0.0,0.0,0.0,11.111,22.222,0.0,0.0,0.0,11.111,0.0,0.0,0.0,11.111,0.0,
LFSLVLAG,11.111,0.0,0.0,0.0,11.111,11.111,0.0,0.0,0.0,0.0,33.333,0.0,0.0,0.0,11.111,0.0,0.0,0.0,11.111,0.0,
LFVVTLVG,0.0,0.0,0.0,0.0,11.111,11.111,0.0,0.0,0.0,0.0,22.222,0.0,0.0,0.0,0.0,0.0,11.111,0.0,33.333,0.0,
VAVLVLGA,22.222,0.0,0.0,0.0,11.111,0.0,0.0,0.0,0.0,0.0,22.222,0.0,0.0,0.0,0.0,0.0,0.0,0.0,33.333,0.0,
DIIIIVGG,0.0,0.0,0.0,11.111,22.222,0.0,44.444,0.0,0.0,0.0,0.0,0.0,0.0,0.0,0.0,0.0,0.0,0.0,11.111,0.0,
DILIIVGG,0.0,0.0,0.0,11.111,22.222,0.0,33.333,0.0,0.0,0.0,11.111,0.0,0.0,0.0,0.0,0.0,0.0,0.0,11.111,0.0,
EGIIVIVVG,0.0,0.0,10.0,0.0,20.0,0.0,30.0,0.0,0.0,0.0,0.0,0.0,0.0,0.0,0.0,0.0,0.0,0.0,30.0,0.0,
ILPYFAGCL,10.0,10.0,0.0,0.0,10.0,10.0,10.0,0.0,0.0,0.0,20.0,0.0,0.0,10.0,0.0,0.0,0.0,0.0,0.0,10.0,
CVFSLFKKCN,0.0,18.182,0.0,0.0,0.0,18.182,0.0,0.0,18.182,0.0,9.091,9.091,0.0,0.0,9.091,0.0,0.0,0.0,9.091,0.0,
ILSGAPCIPW,9.091,9.091,0.0,0.0,9.091,0.0,18.182,0.0,0.0,0.0,9.091,0.0,0.0,18.182,9.091,0.0,0.0,9.091,0.0,0.0,
AILPYFAGCL,18.182,9.091,0.0,0.0,9.091,9.091,9.091,0.0,0.0,0.0,18.182,0.0,0.0,9.091,0.0,0.0,0.0,0.0,0.0,9.091,
DLRNIFLKIKFKKK,0.0,0.0,0.0,6.667,0.0,13.333,13.333,0.0,33.333,0.0,13.333,6.667,0.0,0.0,0.0,6.667,0.0,0.0,0.0,0.0,
DLRGVPNPWGWIFGR,0.0,0.0,0.0,6.25,18.75,6.25,6.25,0.0,0.0,0.0,6.25,6.25,0.0,12.5,0.0,12.5,0.0,12.5,6.25,0.0,
SNLVECVFSLFKKCN,0.0,12.5,6.25,0.0,0.0,12.5,0.0,0.0,12.5,0.0,12.5,12.5,0.0,0.0,12.5,0.0,0.0,0.0,12.5,0.0,
EMRKSNNNFFHFLRRI,0.0,0.0,5.882,0.0,0.0,17.647,5.882,5.882,5.882,5.882,5.882,17.647,0.0,0.0,5.882,17.647,0.0,0.0,0.0,0.0,
DSRIRMGFDFSKLFGK,0.0,0.0,0.0,11.765,11.765,17.647,5.882,0.0,11.765,5.882,5.882,0.0,0.0,0.0,11.765,11.765,0.0,0.0,0.0,0.0,
EIRQTHNIFFNFFKRR,0.0,0.0,5.882,0.0,0.0,23.529,11.765,5.882,5.882,0.0,0.0,11.765,5.882,0.0,0.0,17.647,5.882,0.0,0.0,0.0,
EMRKPDGALFNLFRRR,5.882,0.0,5.882,5.882,5.882,11.765,0.0,0.0,5.882,5.882,11.765,5.882,0.0,5.882,0.0,23.529,0.0,0.0,0.0,0.0,
DKRLPYFFKHLFSNRTK,0.0,0.0,0.0,5.556,0.0,16.667,0.0,5.556,16.667,0.0,11.111,5.556,0.0,5.556,5.556,11.111,5.556,0.0,0.0,5.556,
DRRDPRGIIGIGKKLFG,0.0,0.0,0.0,11.111,22.222,5.556,16.667,0.0,11.111,0.0,5.556,0.0,0.0,5.556,0.0,16.667,0.0,0.0,0.0,0.0,
DWRISETIRNLIFPRRK,0.0,0.0,5.556,5.556,0.0,5.556,16.667,0.0,5.556,0.0,5.556,5.556,0.0,5.556,5.556,22.222,5.556,5.556,0.0,0.0,
EMRISRIILDFLFLRKK,0.0,0.0,5.556,5.556,0.0,11.111,16.667,0.0,11.111,5.556,16.667,0.0,0.0,0.0,5.556,16.667,0.0,0.0,0.0,0.0,
EMRLPKILRDFIFPRKK,0.0,0.0,5.556,5.556,0.0,11.111,11.111,0.0,16.667,5.556,11.111,0.0,0.0,11.111,0.0,16.667,0.0,0.0,0.0,0.0,
EMRLSKFFRDFILQRKK,0.0,0.0,5.556,5.556,0.0,16.667,5.556,0.0,16.667,5.556,11.111,0.0,5.556,0.0,5.556,16.667,0.0,0.0,0.0,0.0,
ESRLPKILLDFLFLRKK,0.0,0.0,5.556,5.556,0.0,11.111,5.556,0.0,16.667,0.0,27.778,0.0,0.0,5.556,5.556,11.111,0.0,0.0,0.0,0.0,
ESRLPKIRFDFIFPRKK,0.0,0.0,5.556,5.556,0.0,16.667,11.111,0.0,16.667,0.0,5.556,0.0,0.0,11.111,5.556,16.667,0.0,0.0,0.0,0.0,
ESRISDILLDFLFQRKK,0.0,0.0,5.556,11.111,0.0,11.111,11.111,0.0,11.111,0.0,16.667,0.0,5.556,0.0,11.111,11.111,0.0,0.0,0.0,0.0,
SGSLSTFFRLFNRSFTQ,0.0,0.0,0.0,0.0,5.556,22.222,0.0,0.0,0.0,0.0,11.111,5.556,5.556,0.0,22.222,11.111,11.111,0.0,0.0,0.0,
STFFRLFNRSFTQALGK,5.556,0.0,0.0,0.0,5.556,22.222,0.0,0.0,5.556,0.0,11.111,5.556,5.556,0.0,11.111,11.111,11.111,0.0,0.0,0.0,
GKATSSISKCVFSFFKKC,5.263,10.526,0.0,0.0,5.263,15.789,5.263,0.0,21.053,0.0,0.0,0.0,0.0,0.0,21.053,0.0,5.263,0.0,5.263,0.0,
LSTFFRLFNRSFTQALGK,5.263,0.0,0.0,0.0,5.263,21.053,0.0,0.0,5.263,0.0,15.789,5.263,5.263,0.0,10.526,10.526,10.526,0.0,0.0,0.0,
SGSLSTFFRLFNRSFTQA,5.263,0.0,0.0,0.0,5.263,21.053,0.0,0.0,0.0,0.0,10.526,5.263,5.263,0.0,21.053,10.526,10.526,0.0,0.0,0.0,
SGTLSTFFRLFNRSFTQA,5.263,0.0,0.0,0.0,5.263,21.053,0.0,0.0,0.0,0.0,10.526,5.263,5.263,0.0,15.789,10.526,15.789,0.0,0.0,0.0,
SLSTFFRLFNFSFTQALG,5.263,0.0,0.0,0.0,5.263,26.316,0.0,0.0,0.0,0.0,15.789,5.263,5.263,0.0,15.789,5.263,10.526,0.0,0.0,0.0,
DIRHRINNSIWRDIFLKRK,0.0,0.0,0.0,10.0,0.0,5.0,20.0,5.0,10.0,0.0,5.0,10.0,0.0,0.0,5.0,20.0,0.0,5.0,0.0,0.0,
GKPASNLVECVFSLFKKCN,5.0,10.0,5.0,0.0,5.0,10.0,0.0,0.0,15.0,0.0,10.0,10.0,0.0,5.0,10.0,0.0,0.0,0.0,10.0,0.0,
SGSLSTFFRLFNRSFTQAL,5.0,0.0,0.0,0.0,5.0,20.0,0.0,0.0,0.0,0.0,15.0,5.0,5.0,0.0,20.0,10.0,10.0,0.0,0.0,0.0,
SLSTFFRLFNRSFTQALGK,5.0,0.0,0.0,0.0,5.0,20.0,0.0,0.0,5.0,0.0,15.0,5.0,5.0,0.0,15.0,10.0,10.0,0.0,0.0,0.0,
GSLSTFFRLFNRSFTQALGK,4.762,0.0,0.0,0.0,9.524,19.048,0.0,0.0,4.762,0.0,14.286,4.762,4.762,0.0,14.286,9.524,9.524,0.0,0.0,0.0,
SGSLSTFFRLFNRSFTQAGK,4.762,0.0,0.0,0.0,9.524,19.048,0.0,0.0,4.762,0.0,9.524,4.762,4.762,0.0,19.048,9.524,9.524,0.0,0.0,0.0,
SGSLSTFFRLFNRSFTQALG,4.762,0.0,0.0,0.0,9.524,19.048,0.0,0.0,0.0,0.0,14.286,4.762,4.762,0.0,19.048,9.524,9.524,0.0,0.0,0.0,
SGSLSTFFRLFNRSFTQALK,4.762,0.0,0.0,0.0,4.762,19.048,0.0,0.0,4.762,0.0,14.286,4.762,4.762,0.0,19.048,9.524,9.524,0.0,0.0,0.0,
SGSLSTQFRLFNRSFTQALGK,4.545,0.0,0.0,0.0,9.091,13.636,0.0,0.0,4.545,0.0,13.636,4.545,9.091,0.0,18.182,9.091,9.091,0.0,0.0,0.0,
SGSLSTFFLLFNRSFTQALGK,4.545,0.0,0.0,0.0,9.091,18.182,0.0,0.0,4.545,0.0,18.182,4.545,4.545,0.0,18.182,4.545,9.091,0.0,0.0,0.0,
SGSLSTFFRLFLRSFTQALGK,4.545,0.0,0.0,0.0,9.091,18.182,0.0,0.0,4.545,0.0,18.182,0.0,4.545,0.0,18.182,9.091,9.091,0.0,0.0,0.0,
SGSLSTFFRLFNASFTQALGK,9.091,0.0,0.0,0.0,9.091,18.182,0.0,0.0,4.545,0.0,13.636,4.545,4.545,0.0,18.182,4.545,9.091,0.0,0.0,0.0,
SGSLSTFFRLFNRSFTQALGA,9.091,0.0,0.0,0.0,9.091,18.182,0.0,0.0,0.0,0.0,13.636,4.545,4.545,0.0,18.182,9.091,9.091,0.0,0.0,0.0,
SGSLSTFFRLFNRSFTQALGK,4.545,0.0,0.0,0.0,9.091,18.182,0.0,0.0,4.545,0.0,13.636,4.545,4.545,0.0,18.182,9.091,9.091,0.0,0.0,0.0,
SGSLSTFFRLFNRSFTQALGV,4.545,0.0,0.0,0.0,9.091,18.182,0.0,0.0,0.0,0.0,13.636,4.545,4.545,0.0,18.182,9.091,9.091,0.0,4.545,0.0,
SGSLSTFFRLFNRSQTQALGK,4.545,0.0,0.0,0.0,9.091,13.636,0.0,0.0,4.545,0.0,13.636,4.545,9.091,0.0,18.182,9.091,9.091,0.0,0.0,0.0,
SGSLSTFFRLQNRSFTQALGK,4.545,0.0,0.0,0.0,9.091,13.636,0.0,0.0,4.545,0.0,13.636,4.545,9.091,0.0,18.182,9.091,9.091,0.0,0.0,0.0,
SQKGVYASQRSFVPSWFRKIFRN,4.167,0.0,0.0,0.0,4.167,12.5,4.167,0.0,8.333,0.0,0.0,4.167,8.333,4.167,16.667,12.5,0.0,4.167,8.333,4.167,
AGTKPQGKPASSISKCVFSFFKKC,8.0,8.0,0.0,0.0,8.0,12.0,4.0,0.0,20.0,0.0,0.0,0.0,4.0,8.0,16.0,0.0,4.0,0.0,4.0,0.0,
SINSQIGKATSNLVECVFSLFKKCN,3.846,7.692,3.846,0.0,3.846,7.692,7.692,0.0,11.538,0.0,7.692,11.538,3.846,0.0,15.385,0.0,3.846,0.0,7.692,0.0,
EQLSFTSIGILQLLTIGTRSCWFFYCRY,0.0,6.897,3.448,0.0,6.897,10.345,10.345,0.0,0.0,0.0,13.793,0.0,6.897,0.0,10.345,6.897,10.345,3.448,0.0,6.897,
SGWMDYINGFLKGFGGQRTLPTKDYNIPQV,0.0,0.0,0.0,6.452,16.129,6.452,6.452,0.0,6.452,3.226,6.452,6.452,6.452,6.452,3.226,3.226,6.452,3.226,3.226,6.452,
SRNAT,16.667,0.0,0.0,0.0,0.0,0.0,0.0,0.0,0.0,0.0,0.0,16.667,0.0,0.0,16.667,16.667,16.667,0.0,0.0,0.0,
AIFILAS,25.0,0.0,0.0,0.0,0.0,12.5,25.0,0.0,0.0,0.0,12.5,0.0,0.0,0.0,12.5,0.0,0.0,0.0,0.0,0.0,
SIFTLVA,12.5,0.0,0.0,0.0,0.0,12.5,12.5,0.0,0.0,0.0,12.5,0.0,0.0,0.0,12.5,0.0,12.5,0.0,12.5,0.0,
EIIIIVGG,0.0,0.0,11.111,0.0,22.222,0.0,44.444,0.0,0.0,0.0,0.0,0.0,0.0,0.0,0.0,0.0,0.0,0.0,11.111,0.0,
ESRVSRIILDFLFQRKK,0.0,0.0,5.556,5.556,0.0,11.111,11.111,0.0,11.111,0.0,11.111,0.0,5.556,0.0,11.111,16.667,0.0,0.0,5.556,0.0,
SGSLSTFFRLFNFSFTQALGK,4.545,0.0,0.0,0.0,9.091,22.727,0.0,0.0,4.545,0.0,13.636,4.545,4.545,0.0,18.182,4.545,9.091,0.0,0.0,0.0,
GWGSFFKKAAHVGKHVGKAALTHYL,15.385,0.0,0.0,0.0,15.385,7.692,0.0,11.538,15.385,0.0,7.692,0.0,0.0,0.0,3.846,0.0,3.846,3.846,7.692,3.846,
LLGDFFRKSKEKIGKEFKRIVQRIKDFLRNLVPRTES,0.0,0.0,7.895,5.263,5.263,10.526,7.895,0.0,15.789,0.0,10.526,2.632,2.632,2.632,5.263,13.158,2.632,0.0,5.263,0.0,
GRFKRFRKKFKKLFKKLSPVIPLLHL,0.0,0.0,0.0,0.0,3.704,14.815,3.704,3.704,25.926,0.0,18.519,0.0,0.0,7.407,3.704,11.111,0.0,0.0,3.704,0.0,
GGLRSLGRKILRAWKKYGPIIVPIIRI,3.571,0.0,0.0,0.0,14.286,0.0,21.429,0.0,10.714,0.0,10.714,0.0,0.0,7.143,3.571,14.286,0.0,3.571,3.571,3.571,
RGLRRLGRKIAHGVKKYGPTVLRIIRIA,6.897,0.0,0.0,0.0,13.793,0.0,13.793,3.448,10.345,0.0,10.345,0.0,0.0,3.448,0.0,20.69,3.448,0.0,6.897,3.448,
KKVVFKVKFK,0.0,0.0,0.0,0.0,0.0,18.182,0.0,0.0,45.455,0.0,0.0,0.0,0.0,0.0,0.0,0.0,0.0,0.0,27.273,0.0,
RWGRWLRKIRRWRPK,0.0,0.0,0.0,0.0,6.25,0.0,6.25,0.0,12.5,0.0,6.25,0.0,0.0,6.25,0.0,37.5,0.0,18.75,0.0,0.0,
LLGDFFRKSKEKIGKEFKRIVQRIKDFLRNL,0.0,0.0,6.25,6.25,6.25,12.5,9.375,0.0,18.75,0.0,12.5,3.125,3.125,0.0,3.125,12.5,0.0,0.0,3.125,0.0,
RKSKEKIGKEFKRIVQRIKDFLRNL,0.0,0.0,7.692,3.846,3.846,7.692,11.538,0.0,23.077,0.0,7.692,3.846,3.846,0.0,3.846,15.385,0.0,0.0,3.846,0.0,
IGKEFKRIVQRIKDFLRNLVPRTES,0.0,0.0,7.692,3.846,3.846,7.692,11.538,0.0,11.538,0.0,7.692,3.846,3.846,3.846,3.846,15.385,3.846,0.0,7.692,0.0,
RKSKEKIGKEFKRIVQRIKDFLRNLVPRTES,0.0,0.0,9.375,3.125,3.125,6.25,9.375,0.0,18.75,0.0,6.25,3.125,3.125,3.125,6.25,15.625,3.125,0.0,6.25,0.0,
LLGDFFRKSKEKIGKEFKR,0.0,0.0,10.0,5.0,10.0,15.0,5.0,0.0,25.0,0.0,10.0,0.0,0.0,0.0,5.0,10.0,0.0,0.0,0.0,0.0,
LLGDFFRKSKEKIGKEFKRIVQRIK,0.0,0.0,7.692,3.846,7.692,11.538,11.538,0.0,23.077,0.0,7.692,0.0,3.846,0.0,3.846,11.538,0.0,0.0,3.846,0.0,
LLGDFFRKSKEKI,0.0,0.0,7.143,7.143,7.143,14.286,7.143,0.0,21.429,0.0,14.286,0.0,0.0,0.0,7.143,7.143,0.0,0.0,0.0,0.0,
IGKEFKRIVQRIKDFLRNL,0.0,0.0,5.0,5.0,5.0,10.0,15.0,0.0,15.0,0.0,10.0,5.0,5.0,0.0,0.0,15.0,0.0,0.0,5.0,0.0,
RKSKEKIGKEFKRIVQRIK,0.0,0.0,10.0,0.0,5.0,5.0,15.0,0.0,30.0,0.0,0.0,0.0,5.0,0.0,5.0,15.0,0.0,0.0,5.0,0.0,
IGKEFKRIVQRIK,0.0,0.0,7.143,0.0,7.143,7.143,21.429,0.0,21.429,0.0,0.0,0.0,7.143,0.0,0.0,14.286,0.0,0.0,7.143,0.0,
RIVQRIKDFLRNLVPRTES,0.0,0.0,5.0,5.0,0.0,5.0,10.0,0.0,5.0,0.0,10.0,5.0,5.0,5.0,5.0,20.0,5.0,0.0,10.0,0.0,
KKVVFWVKFK,0.0,0.0,0.0,0.0,0.0,18.182,0.0,0.0,36.364,0.0,0.0,0.0,0.0,0.0,0.0,0.0,0.0,9.091,27.273,0.0,
KSKEKIGKEFKRIVQRIKDFLRNLVPRTES,0.0,0.0,9.677,3.226,3.226,6.452,9.677,0.0,19.355,0.0,6.452,3.226,3.226,3.226,6.452,12.903,3.226,0.0,6.452,0.0,
KRIVQRIKDFLRNLVPRTES,0.0,0.0,4.762,4.762,0.0,4.762,9.524,0.0,9.524,0.0,9.524,4.762,4.762,4.762,4.762,19.048,4.762,0.0,9.524,0.0,
KRIVQRIKDFLR,0.0,0.0,0.0,7.692,0.0,7.692,15.385,0.0,15.385,0.0,7.692,0.0,7.692,0.0,0.0,23.077,0.0,0.0,7.692,0.0,
GIINTLQKYYCRVRGGRCAVLSCLPKEEQIGKCSTRGRKCCRRKK,2.174,13.043,4.348,0.0,10.87,0.0,6.522,0.0,13.043,0.0,6.522,2.174,4.348,2.174,4.348,15.217,4.348,0.0,4.348,4.348,
GWKKWLRKGAKHLGQAAIK,15.0,0.0,0.0,0.0,15.0,0.0,5.0,5.0,25.0,0.0,10.0,0.0,5.0,0.0,0.0,5.0,0.0,10.0,0.0,0.0,
FKCRRWQWRMKKLG,0.0,6.667,0.0,0.0,6.667,6.667,0.0,0.0,20.0,6.667,6.667,0.0,6.667,0.0,0.0,20.0,0.0,13.333,0.0,0.0,
WKLLSKAQEKFGKNKSR,5.556,0.0,5.556,0.0,5.556,5.556,0.0,0.0,27.778,0.0,11.111,5.556,5.556,0.0,11.111,5.556,0.0,5.556,0.0,0.0,
RKSYKCLHKRCR,0.0,15.385,0.0,0.0,0.0,0.0,0.0,7.692,23.077,0.0,7.692,0.0,0.0,0.0,7.692,23.077,0.0,0.0,0.0,7.692,
KKHRKHRKHRKHGGSGGSKNLRRIIRKGIHIIKKYG,0.0,0.0,0.0,0.0,16.216,0.0,13.514,13.514,24.324,0.0,2.703,2.703,0.0,0.0,5.405,16.216,0.0,0.0,0.0,2.703,
RKSYKALHKRAR,15.385,0.0,0.0,0.0,0.0,0.0,0.0,7.692,23.077,0.0,7.692,0.0,0.0,0.0,7.692,23.077,0.0,0.0,0.0,7.692,
LAHQKPFIRKSYKCLHKRCR,4.762,9.524,0.0,0.0,0.0,4.762,4.762,9.524,19.048,0.0,9.524,0.0,4.762,4.762,4.762,14.286,0.0,0.0,0.0,4.762,
GIGKFLHSAKKFGKAFVGEIMNS,8.333,0.0,4.167,0.0,16.667,12.5,8.333,4.167,16.667,4.167,4.167,4.167,0.0,0.0,8.333,0.0,0.0,0.0,4.167,0.0,
KIFGAIWPLALGALKNLIK,15.0,0.0,0.0,0.0,10.0,5.0,15.0,0.0,15.0,0.0,20.0,5.0,0.0,5.0,0.0,0.0,0.0,5.0,0.0,0.0,
FHFFHHFFHFFHHF,0.0,0.0,0.0,0.0,0.0,53.333,0.0,40.0,0.0,0.0,0.0,0.0,0.0,0.0,0.0,0.0,0.0,0.0,0.0,0.0,
SGSLSTFFRLFNRSFTQALGK,4.545,0.0,0.0,0.0,9.091,18.182,0.0,0.0,4.545,0.0,13.636,4.545,4.545,0.0,18.182,9.091,9.091,0.0,0.0,0.0,
TFFRLFNRSFTQALGK,5.882,0.0,0.0,0.0,5.882,23.529,0.0,0.0,5.882,0.0,11.765,5.882,5.882,0.0,5.882,11.765,11.765,0.0,0.0,0.0,
KNLRIIRKGIHIIKKY,0.0,0.0,0.0,0.0,5.882,0.0,29.412,5.882,23.529,0.0,5.882,5.882,0.0,0.0,0.0,11.765,0.0,0.0,0.0,5.882,
TFFRLFNRSFTQALGKGGGKNLRIIRKGIHIIKKY,2.778,0.0,0.0,0.0,13.889,11.111,13.889,2.778,13.889,0.0,8.333,5.556,2.778,0.0,2.778,11.111,5.556,0.0,0.0,2.778,
TFFRLFNRGGGKNLRIIRKGIHIIKKY,0.0,0.0,0.0,0.0,14.286,10.714,17.857,3.571,14.286,0.0,7.143,7.143,0.0,0.0,0.0,14.286,3.571,0.0,0.0,3.571,
FKKFWKWFRRF,0.0,0.0,0.0,0.0,0.0,33.333,0.0,0.0,25.0,0.0,0.0,0.0,0.0,0.0,0.0,16.667,0.0,16.667,0.0,0.0,
TRRRLFNRSFTQALGKSGGGFKKFWKWFRRF,3.125,0.0,0.0,0.0,12.5,18.75,0.0,0.0,12.5,0.0,6.25,3.125,3.125,0.0,6.25,18.75,6.25,6.25,0.0,0.0,
TFFRLFNRSGGGFKKFWKWFRRF,0.0,0.0,0.0,0.0,12.5,29.167,0.0,0.0,12.5,0.0,4.167,4.167,0.0,0.0,4.167,16.667,4.167,8.333,0.0,0.0,
ITSISLCTPGCKTGALMGCNMKTATCHCSIHVSK,5.714,14.286,0.0,0.0,8.571,0.0,8.571,5.714,8.571,5.714,5.714,2.857,0.0,2.857,11.429,0.0,14.286,0.0,2.857,0.0,
ILPWKWPWWPWRR,0.0,0.0,0.0,0.0,0.0,0.0,7.143,0.0,7.143,0.0,7.143,0.0,0.0,21.429,0.0,14.286,0.0,35.714,0.0,0.0,
KWKLFKKIGAVLKVL,6.25,0.0,0.0,0.0,6.25,6.25,6.25,0.0,31.25,0.0,18.75,0.0,0.0,0.0,0.0,0.0,0.0,6.25,12.5,0.0,
KRFRIRVRVIRK,0.0,0.0,0.0,0.0,0.0,7.692,15.385,0.0,15.385,0.0,0.0,0.0,0.0,0.0,0.0,38.462,0.0,0.0,15.385,0.0,
RLARIVVIRVAR,15.385,0.0,0.0,0.0,0.0,0.0,15.385,0.0,0.0,0.0,7.692,0.0,0.0,0.0,0.0,30.769,0.0,0.0,23.077,0.0,
VQWRIRVRVIKK,0.0,0.0,0.0,0.0,0.0,0.0,15.385,0.0,15.385,0.0,0.0,0.0,7.692,0.0,0.0,23.077,0.0,7.692,23.077,0.0,
KQFRIRVRV,0.0,0.0,0.0,0.0,0.0,10.0,10.0,0.0,10.0,0.0,0.0,0.0,10.0,0.0,0.0,30.0,0.0,0.0,20.0,0.0,
VQFRIRVRIVIRK,0.0,0.0,0.0,0.0,0.0,7.143,21.429,0.0,7.143,0.0,0.0,0.0,7.143,0.0,0.0,28.571,0.0,0.0,21.429,0.0,
KRFRIRVRV,0.0,0.0,0.0,0.0,0.0,10.0,10.0,0.0,10.0,0.0,0.0,0.0,0.0,0.0,0.0,40.0,0.0,0.0,20.0,0.0,
VQLRIRVAVIRA,15.385,0.0,0.0,0.0,0.0,0.0,15.385,0.0,0.0,0.0,7.692,0.0,7.692,0.0,0.0,23.077,0.0,0.0,23.077,0.0,
VQRWLIVWRIRK,0.0,0.0,0.0,0.0,0.0,0.0,15.385,0.0,7.692,0.0,7.692,0.0,7.692,0.0,0.0,23.077,0.0,15.385,15.385,0.0,
IVWKIKRWWVGR,0.0,0.0,0.0,0.0,7.692,0.0,15.385,0.0,15.385,0.0,0.0,0.0,0.0,0.0,0.0,15.385,0.0,23.077,15.385,0.0,
RFWKVRVKYIRF,0.0,0.0,0.0,0.0,0.0,15.385,7.692,0.0,15.385,0.0,0.0,0.0,0.0,0.0,0.0,23.077,0.0,7.692,15.385,7.692,
RIKWIVRFR,0.0,0.0,0.0,0.0,0.0,10.0,20.0,0.0,10.0,0.0,0.0,0.0,0.0,0.0,0.0,30.0,0.0,10.0,10.0,0.0,
VRLRIRVAVRRA,15.385,0.0,0.0,0.0,0.0,0.0,7.692,0.0,0.0,0.0,7.692,0.0,0.0,0.0,0.0,38.462,0.0,0.0,23.077,0.0,
IRWRIRVWVRRI,0.0,0.0,0.0,0.0,0.0,0.0,23.077,0.0,0.0,0.0,0.0,0.0,0.0,0.0,0.0,38.462,0.0,15.385,15.385,0.0,
RRWVVWRIVQRR,0.0,0.0,0.0,0.0,0.0,0.0,7.692,0.0,0.0,0.0,0.0,0.0,7.692,0.0,0.0,38.462,0.0,15.385,23.077,0.0,
IFWRRIVIVKKF,0.0,0.0,0.0,0.0,0.0,15.385,23.077,0.0,15.385,0.0,0.0,0.0,0.0,0.0,0.0,15.385,0.0,7.692,15.385,0.0,
VRLRIRVA,11.111,0.0,0.0,0.0,0.0,0.0,11.111,0.0,0.0,0.0,11.111,0.0,0.0,0.0,0.0,33.333,0.0,0.0,22.222,0.0,
LRIRWIFKR,0.0,0.0,0.0,0.0,0.0,10.0,20.0,0.0,10.0,0.0,10.0,0.0,0.0,0.0,0.0,30.0,0.0,10.0,0.0,0.0,
VRLRIRVAVIRK,7.692,0.0,0.0,0.0,0.0,0.0,15.385,0.0,7.692,0.0,7.692,0.0,0.0,0.0,0.0,30.769,0.0,0.0,23.077,0.0,
VRLRIRWWVLRK,0.0,0.0,0.0,0.0,0.0,0.0,7.692,0.0,7.692,0.0,15.385,0.0,0.0,0.0,0.0,30.769,0.0,15.385,15.385,0.0,
KRFRIRVAVRRA,15.385,0.0,0.0,0.0,0.0,7.692,7.692,0.0,7.692,0.0,0.0,0.0,0.0,0.0,0.0,38.462,0.0,0.0,15.385,0.0,
KRWRWIVRNIRR,0.0,0.0,0.0,0.0,0.0,0.0,15.385,0.0,7.692,0.0,0.0,7.692,0.0,0.0,0.0,38.462,0.0,15.385,7.692,0.0,
WRWRVRVWR,0.0,0.0,0.0,0.0,0.0,0.0,0.0,0.0,0.0,0.0,0.0,0.0,0.0,0.0,0.0,40.0,0.0,30.0,20.0,0.0,
TFFRLFNRGGGWGSFFKKAAHVGKL,7.692,0.0,0.0,0.0,19.231,19.231,0.0,3.846,11.538,0.0,7.692,3.846,0.0,0.0,3.846,7.692,3.846,3.846,3.846,0.0,
RIWVIWRR,0.0,0.0,0.0,0.0,0.0,0.0,22.222,0.0,0.0,0.0,0.0,0.0,0.0,0.0,0.0,33.333,0.0,22.222,11.111,0.0,
FLGALFKALSKLL,14.286,0.0,0.0,0.0,7.143,14.286,0.0,0.0,14.286,0.0,35.714,0.0,0.0,0.0,7.143,0.0,0.0,0.0,0.0,0.0,
HLGHHALDHLLK,7.692,0.0,0.0,7.692,7.692,0.0,0.0,30.769,7.692,0.0,30.769,0.0,0.0,0.0,0.0,0.0,0.0,0.0,0.0,0.0,
GIFSKLAGKKIKNLLISGLKG,4.545,0.0,0.0,0.0,18.182,4.545,13.636,0.0,22.727,0.0,18.182,4.545,0.0,0.0,9.091,0.0,0.0,0.0,0.0,0.0,
LMCTHPLDCSN,0.0,16.667,0.0,8.333,0.0,0.0,0.0,8.333,0.0,8.333,16.667,8.333,0.0,8.333,8.333,0.0,8.333,0.0,0.0,0.0,
VTCDVLSFEAKGIAVNH,11.111,5.556,5.556,5.556,5.556,5.556,5.556,5.556,5.556,0.0,5.556,5.556,0.0,0.0,5.556,0.0,5.556,0.0,16.667,0.0,
DSHAKRHHGYKRKFHEKHHSHRGY,4.0,0.0,4.0,4.0,8.0,4.0,0.0,28.0,16.0,0.0,0.0,0.0,0.0,0.0,8.0,12.0,0.0,0.0,0.0,8.0,
AKRHHGYKRKFHGGG,6.25,0.0,0.0,0.0,25.0,6.25,0.0,18.75,18.75,0.0,0.0,0.0,0.0,0.0,0.0,12.5,0.0,0.0,0.0,6.25,
KKKKKKAAFAAWAAFAA,44.444,0.0,0.0,0.0,0.0,11.111,0.0,0.0,33.333,0.0,0.0,0.0,0.0,0.0,0.0,0.0,0.0,5.556,0.0,0.0,
KKKKKKKKKKAAFAAWAAFAA,36.364,0.0,0.0,0.0,0.0,9.091,0.0,0.0,45.455,0.0,0.0,0.0,0.0,0.0,0.0,0.0,0.0,4.545,0.0,0.0,
FFGWLIKGAIHAGKAIHGLIHRRRH,11.538,0.0,0.0,0.0,15.385,7.692,15.385,15.385,7.692,0.0,7.692,0.0,0.0,0.0,0.0,11.538,0.0,3.846,0.0,0.0,
RWKRWWRRKK,0.0,0.0,0.0,0.0,0.0,0.0,0.0,0.0,27.273,0.0,0.0,0.0,0.0,0.0,0.0,36.364,0.0,27.273,0.0,0.0,
RKKRWWRRKK,0.0,0.0,0.0,0.0,0.0,0.0,0.0,0.0,36.364,0.0,0.0,0.0,0.0,0.0,0.0,36.364,0.0,18.182,0.0,0.0,
IRIKIRIK,0.0,0.0,0.0,0.0,0.0,0.0,44.444,0.0,22.222,0.0,0.0,0.0,0.0,0.0,0.0,22.222,0.0,0.0,0.0,0.0,
IRVKIRVKIRVK,0.0,0.0,0.0,0.0,0.0,0.0,23.077,0.0,23.077,0.0,0.0,0.0,0.0,0.0,0.0,23.077,0.0,0.0,23.077,0.0,
RGGRLCYCRRRFCVCVGR,0.0,21.053,0.0,0.0,15.789,5.263,0.0,0.0,0.0,0.0,5.263,0.0,0.0,0.0,0.0,31.579,0.0,0.0,10.526,5.263,
DCYCRIPACIAGERRYGTCIYQGRLWAFCC,9.677,19.355,3.226,3.226,9.677,3.226,9.677,0.0,0.0,0.0,3.226,0.0,3.226,3.226,0.0,12.903,3.226,3.226,0.0,9.677,
DHYNCVSSGGQCLYSACPIFTKIQGTCYRGKAKCCK,5.405,16.216,0.0,2.703,10.811,2.703,5.405,2.703,10.811,0.0,2.703,2.703,5.405,2.703,8.108,2.703,5.405,0.0,2.703,8.108,
GIGKFLHSAGKFGKAFVGEIMKS,8.333,0.0,4.167,0.0,20.833,12.5,8.333,4.167,16.667,4.167,4.167,0.0,0.0,0.0,8.333,0.0,0.0,0.0,4.167,0.0,
YSPWTNF,0.0,0.0,0.0,0.0,0.0,12.5,0.0,0.0,0.0,0.0,0.0,12.5,0.0,12.5,12.5,0.0,12.5,12.5,0.0,12.5,
KWCFRVCYRGICYRKCR,0.0,22.222,0.0,0.0,5.556,5.556,5.556,0.0,11.111,0.0,0.0,0.0,0.0,0.0,0.0,22.222,0.0,5.556,5.556,11.111,
RWRWRWF,0.0,0.0,0.0,0.0,0.0,12.5,0.0,0.0,0.0,0.0,0.0,0.0,0.0,0.0,0.0,37.5,0.0,37.5,0.0,0.0,
FIKHFIHRFGGGRWRWRWF,0.0,0.0,0.0,0.0,15.0,20.0,10.0,10.0,5.0,0.0,0.0,0.0,0.0,0.0,0.0,20.0,0.0,15.0,0.0,0.0,
FIKHFIHRFSATRWRWRWF,5.0,0.0,0.0,0.0,0.0,20.0,10.0,10.0,5.0,0.0,0.0,0.0,0.0,0.0,5.0,20.0,5.0,15.0,0.0,0.0,
FIKHFIHRFGGGFKKFWKWFRRF,0.0,0.0,0.0,0.0,12.5,29.167,8.333,8.333,16.667,0.0,0.0,0.0,0.0,0.0,0.0,12.5,0.0,8.333,0.0,0.0,
FLSLIPHIVSGVASIAKHF,10.0,0.0,0.0,0.0,5.0,10.0,15.0,10.0,5.0,0.0,10.0,0.0,0.0,5.0,15.0,0.0,0.0,0.0,10.0,0.0,
GKIIKLKASLKLL,7.143,0.0,0.0,0.0,7.143,0.0,14.286,0.0,28.571,0.0,28.571,0.0,0.0,0.0,7.143,0.0,0.0,0.0,0.0,0.0,
GQIINLK,0.0,0.0,0.0,0.0,12.5,0.0,25.0,0.0,12.5,0.0,12.5,12.5,12.5,0.0,0.0,0.0,0.0,0.0,0.0,0.0,
RWRWRW,0.0,0.0,0.0,0.0,0.0,0.0,0.0,0.0,0.0,0.0,0.0,0.0,0.0,0.0,0.0,42.857,0.0,42.857,0.0,0.0,
RWRWRWRW,0.0,0.0,0.0,0.0,0.0,0.0,0.0,0.0,0.0,0.0,0.0,0.0,0.0,0.0,0.0,44.444,0.0,44.444,0.0,0.0,
VNWKKILGKIIKVVK,0.0,0.0,0.0,0.0,6.25,0.0,18.75,0.0,31.25,0.0,6.25,6.25,0.0,0.0,0.0,0.0,0.0,6.25,18.75,0.0,
GIGAVLKVLTTGLPALISWIKRKRQQ,7.407,0.0,0.0,0.0,11.111,0.0,11.111,0.0,11.111,0.0,14.815,0.0,7.407,3.704,3.704,7.407,7.407,3.704,7.407,0.0,
TLISWIKNKRKQRPRVSRRRRRRGGRRRR,0.0,0.0,0.0,0.0,6.667,0.0,6.667,0.0,10.0,0.0,3.333,3.333,3.333,3.333,6.667,43.333,3.333,3.333,3.333,0.0,
TLISWIKNKRKQRPRVSRRRRRRGGRRRRC,0.0,3.226,0.0,0.0,6.452,0.0,6.452,0.0,9.677,0.0,3.226,3.226,3.226,3.226,6.452,41.935,3.226,3.226,3.226,0.0,
TLISWIKNKRKQCRPRVSRRRRRRGGRRRR,0.0,3.226,0.0,0.0,6.452,0.0,6.452,0.0,9.677,0.0,3.226,3.226,3.226,3.226,6.452,41.935,3.226,3.226,3.226,0.0,
LWKTLLKKVLKAAA,20.0,0.0,0.0,0.0,0.0,0.0,0.0,0.0,26.667,0.0,26.667,0.0,0.0,0.0,0.0,0.0,6.667,6.667,6.667,0.0,
NEEGFFSARGHRPLDGGGKKKKKK,4.0,0.0,8.0,4.0,20.0,8.0,0.0,4.0,24.0,0.0,4.0,4.0,0.0,4.0,4.0,8.0,0.0,0.0,0.0,0.0,
ICIFCCGCCHRSKCGMCCKT,0.0,38.095,0.0,0.0,9.524,4.762,9.524,4.762,9.524,4.762,0.0,0.0,0.0,0.0,4.762,4.762,4.762,0.0,0.0,0.0,
KRFKKFFKKLKNSVKKRAKKFFKKPKVIGVTFPF,2.857,0.0,0.0,0.0,2.857,20.0,2.857,0.0,37.143,0.0,2.857,2.857,0.0,5.714,2.857,5.714,2.857,0.0,8.571,0.0,
KRFKKFFKKLKNSVKKRFKKFFKKLKVIGVTFPF,0.0,0.0,0.0,0.0,2.857,22.857,2.857,0.0,37.143,0.0,5.714,2.857,0.0,2.857,2.857,5.714,2.857,0.0,8.571,0.0,
FKCRRWQWRMKKLGAPSITCVRRAF,7.692,7.692,0.0,0.0,3.846,7.692,3.846,0.0,11.538,3.846,3.846,0.0,3.846,3.846,3.846,19.231,3.846,7.692,3.846,0.0,
GLKLRFEFSKIKGEFLKTPEVRFRDIKLKDNRISVQR,0.0,0.0,7.895,5.263,5.263,10.526,7.895,0.0,15.789,0.0,10.526,2.632,2.632,2.632,5.263,13.158,2.632,0.0,5.263,0.0,
GLFDVIKKVASVIGGL,5.882,0.0,0.0,5.882,17.647,5.882,11.765,0.0,11.765,0.0,11.765,0.0,0.0,0.0,5.882,0.0,0.0,0.0,17.647,0.0,
RFRRLFRIRVRVLKKI,0.0,0.0,0.0,0.0,0.0,11.765,11.765,0.0,11.765,0.0,11.765,0.0,0.0,0.0,0.0,35.294,0.0,0.0,11.765,0.0,
FRIRVRV,0.0,0.0,0.0,0.0,0.0,12.5,12.5,0.0,0.0,0.0,0.0,0.0,0.0,0.0,0.0,37.5,0.0,0.0,25.0,0.0,
KWFWKFVKFVK,0.0,0.0,0.0,0.0,0.0,25.0,0.0,0.0,33.333,0.0,0.0,0.0,0.0,0.0,0.0,0.0,0.0,16.667,16.667,0.0,
IKKILSKIKKLLK,0.0,0.0,0.0,0.0,0.0,0.0,21.429,0.0,42.857,0.0,21.429,0.0,0.0,0.0,7.143,0.0,0.0,0.0,0.0,0.0,
GRRRRSVQWCA,8.333,8.333,0.0,0.0,8.333,0.0,0.0,0.0,0.0,0.0,0.0,0.0,8.333,0.0,8.333,33.333,0.0,8.333,8.333,0.0,
YAPWTNF,12.5,0.0,0.0,0.0,0.0,12.5,0.0,0.0,0.0,0.0,0.0,12.5,0.0,12.5,0.0,0.0,12.5,12.5,0.0,12.5,
KRWWKWWRRC,0.0,9.091,0.0,0.0,0.0,0.0,0.0,0.0,18.182,0.0,0.0,0.0,0.0,0.0,0.0,27.273,0.0,36.364,0.0,0.0,
IRWRIRVWVRRIC,0.0,7.143,0.0,0.0,0.0,0.0,21.429,0.0,0.0,0.0,0.0,0.0,0.0,0.0,0.0,35.714,0.0,14.286,14.286,0.0,
KRWRIRVRVIRKC,0.0,7.143,0.0,0.0,0.0,0.0,14.286,0.0,14.286,0.0,0.0,0.0,0.0,0.0,0.0,35.714,0.0,7.143,14.286,0.0,
WIVVIWRRKRRRC,0.0,7.143,0.0,0.0,0.0,0.0,14.286,0.0,7.143,0.0,0.0,0.0,0.0,0.0,0.0,35.714,0.0,14.286,14.286,0.0,
YAPWTNA,25.0,0.0,0.0,0.0,0.0,0.0,0.0,0.0,0.0,0.0,0.0,12.5,0.0,12.5,0.0,0.0,12.5,12.5,0.0,12.5,
RILSILRHQNLLKELQDLAL,4.762,0.0,4.762,4.762,0.0,0.0,9.524,4.762,4.762,0.0,33.333,4.762,9.524,0.0,4.762,9.524,0.0,0.0,0.0,0.0,
KWKVFKKIEKMGRNIRNGIVKAGPAIAVLGEAKAL,13.889,0.0,5.556,0.0,11.111,2.778,11.111,0.0,19.444,2.778,5.556,5.556,0.0,2.778,0.0,5.556,0.0,2.778,8.333,0.0,
GIGLFLHSAGLFGLAFVGEIMKS,8.333,0.0,4.167,0.0,20.833,12.5,8.333,4.167,4.167,4.167,16.667,0.0,0.0,0.0,8.333,0.0,0.0,0.0,4.167,0.0,
GRWKRWRKKWKKLWKKLS,0.0,0.0,0.0,0.0,5.263,0.0,0.0,0.0,36.842,0.0,10.526,0.0,0.0,0.0,5.263,15.789,0.0,21.053,0.0,0.0,
RLCRIVVIRVCR,0.0,15.385,0.0,0.0,0.0,0.0,15.385,0.0,0.0,0.0,7.692,0.0,0.0,0.0,0.0,30.769,0.0,0.0,23.077,0.0,
KWKLFKKIGIGKFLHSAKKF,4.762,0.0,0.0,0.0,9.524,14.286,9.524,4.762,33.333,0.0,9.524,0.0,0.0,0.0,4.762,0.0,0.0,4.762,0.0,0.0,
RPAFRKAAFRVMRACV,23.529,5.882,0.0,0.0,0.0,11.765,0.0,0.0,5.882,5.882,0.0,0.0,0.0,5.882,0.0,23.529,0.0,0.0,11.765,0.0,
KRLFKKLLFSLRKY,0.0,0.0,0.0,0.0,0.0,13.333,0.0,0.0,26.667,0.0,26.667,0.0,0.0,0.0,6.667,13.333,0.0,0.0,0.0,6.667,
LLLFLLKKRKKRKY,0.0,0.0,0.0,0.0,0.0,6.667,0.0,0.0,33.333,0.0,33.333,0.0,0.0,0.0,0.0,13.333,0.0,0.0,0.0,6.667,
GIWKKWIKKWLKKLLKKLWKKG,0.0,0.0,0.0,0.0,8.696,0.0,8.696,0.0,43.478,0.0,17.391,0.0,0.0,0.0,0.0,0.0,0.0,17.391,0.0,0.0,
LAREYKKIVEKLKRWLRQVLRTLR,4.0,0.0,8.0,0.0,0.0,0.0,4.0,0.0,16.0,0.0,20.0,0.0,4.0,0.0,0.0,20.0,4.0,4.0,8.0,4.0,
IGKEFKRIVERIKRFLRELVRPLR,0.0,0.0,12.0,0.0,4.0,8.0,12.0,0.0,12.0,0.0,12.0,0.0,0.0,4.0,0.0,24.0,0.0,0.0,8.0,0.0,
MLCVLQGLRE,0.0,9.091,9.091,0.0,9.091,0.0,0.0,0.0,0.0,9.091,27.273,0.0,9.091,0.0,0.0,9.091,0.0,0.0,9.091,0.0,
ELRLVCMGQL,0.0,9.091,9.091,0.0,9.091,0.0,0.0,0.0,0.0,9.091,27.273,0.0,9.091,0.0,0.0,9.091,0.0,0.0,9.091,0.0,
MLCVLQGLREGG,0.0,7.692,7.692,0.0,23.077,0.0,0.0,0.0,0.0,7.692,23.077,0.0,7.692,0.0,0.0,7.692,0.0,0.0,7.692,0.0,
MLCVLQGLREC,0.0,16.667,8.333,0.0,8.333,0.0,0.0,0.0,0.0,8.333,25.0,0.0,8.333,0.0,0.0,8.333,0.0,0.0,8.333,0.0,
VRLIVAVRIWRR,7.692,0.0,0.0,0.0,0.0,0.0,15.385,0.0,0.0,0.0,7.692,0.0,0.0,0.0,0.0,30.769,0.0,7.692,23.077,0.0,
RRWIRVAVILRV,7.692,0.0,0.0,0.0,0.0,0.0,15.385,0.0,0.0,0.0,7.692,0.0,0.0,0.0,0.0,30.769,0.0,7.692,23.077,0.0,
VRLIRAVRAWRV,15.385,0.0,0.0,0.0,0.0,0.0,7.692,0.0,0.0,0.0,7.692,0.0,0.0,0.0,0.0,30.769,0.0,7.692,23.077,0.0,
VRWARVARILRV,15.385,0.0,0.0,0.0,0.0,0.0,7.692,0.0,0.0,0.0,7.692,0.0,0.0,0.0,0.0,30.769,0.0,7.692,23.077,0.0,
VRLIWAVRIWRR,7.692,0.0,0.0,0.0,0.0,0.0,15.385,0.0,0.0,0.0,7.692,0.0,0.0,0.0,0.0,30.769,0.0,15.385,15.385,0.0,
VRLIVRIWRR,0.0,0.0,0.0,0.0,0.0,0.0,18.182,0.0,0.0,0.0,9.091,0.0,0.0,0.0,0.0,36.364,0.0,9.091,18.182,0.0,
RFKRVARVIW,9.091,0.0,0.0,0.0,0.0,9.091,9.091,0.0,9.091,0.0,0.0,0.0,0.0,0.0,0.0,27.273,0.0,9.091,18.182,0.0,
IGIKLLKSKLKAL,7.143,0.0,0.0,0.0,7.143,0.0,14.286,0.0,28.571,0.0,28.571,0.0,0.0,0.0,7.143,0.0,0.0,0.0,0.0,0.0,
IKIKIKIK,0.0,0.0,0.0,0.0,0.0,0.0,44.444,0.0,44.444,0.0,0.0,0.0,0.0,0.0,0.0,0.0,0.0,0.0,0.0,0.0,
FKKVIVIRRWFI,0.0,0.0,0.0,0.0,0.0,15.385,23.077,0.0,15.385,0.0,0.0,0.0,0.0,0.0,0.0,15.385,0.0,7.692,15.385,0.0,
KRIRWVILWRQV,0.0,0.0,0.0,0.0,0.0,0.0,15.385,0.0,7.692,0.0,7.692,0.0,7.692,0.0,0.0,23.077,0.0,15.385,15.385,0.0,
VFLRRIRVIVIR,0.0,0.0,0.0,0.0,0.0,7.692,23.077,0.0,0.0,0.0,7.692,0.0,0.0,0.0,0.0,30.769,0.0,0.0,23.077,0.0,
RIVIVRIRRLFV,0.0,0.0,0.0,0.0,0.0,7.692,23.077,0.0,0.0,0.0,7.692,0.0,0.0,0.0,0.0,30.769,0.0,0.0,23.077,0.0,
VFWRRIRVWVIR,0.0,0.0,0.0,0.0,0.0,7.692,15.385,0.0,0.0,0.0,0.0,0.0,0.0,0.0,0.0,30.769,0.0,15.385,23.077,0.0,
RIVWVRIRRWFV,0.0,0.0,0.0,0.0,0.0,7.692,15.385,0.0,0.0,0.0,0.0,0.0,0.0,0.0,0.0,30.769,0.0,15.385,23.077,0.0,
VQLRAIRVRVIR,7.692,0.0,0.0,0.0,0.0,0.0,15.385,0.0,0.0,0.0,7.692,0.0,7.692,0.0,0.0,30.769,0.0,0.0,23.077,0.0,
RIVRVRIARLQV,7.692,0.0,0.0,0.0,0.0,0.0,15.385,0.0,0.0,0.0,7.692,0.0,7.692,0.0,0.0,30.769,0.0,0.0,23.077,0.0,
VQLRRIRVWVIR,0.0,0.0,0.0,0.0,0.0,0.0,15.385,0.0,0.0,0.0,7.692,0.0,7.692,0.0,0.0,30.769,0.0,7.692,23.077,0.0,
RIVWVRIRRLQV,0.0,0.0,0.0,0.0,0.0,0.0,15.385,0.0,0.0,0.0,7.692,0.0,7.692,0.0,0.0,30.769,0.0,7.692,23.077,0.0,
VQWRAIRVRVIR,7.692,0.0,0.0,0.0,0.0,0.0,15.385,0.0,0.0,0.0,0.0,0.0,7.692,0.0,0.0,30.769,0.0,7.692,23.077,0.0,
RIVRVRAIRWQV,7.692,0.0,0.0,0.0,0.0,0.0,15.385,0.0,0.0,0.0,0.0,0.0,7.692,0.0,0.0,30.769,0.0,7.692,23.077,0.0,
VQWRRIRVWVIR,0.0,0.0,0.0,0.0,0.0,0.0,15.385,0.0,0.0,0.0,0.0,0.0,7.692,0.0,0.0,30.769,0.0,15.385,23.077,0.0,
RIVWVRIRRWQV,0.0,0.0,0.0,0.0,0.0,0.0,15.385,0.0,0.0,0.0,0.0,0.0,7.692,0.0,0.0,30.769,0.0,15.385,23.077,0.0,
GTPGPQGIAGQRGVV,6.25,0.0,0.0,0.0,31.25,0.0,6.25,0.0,0.0,0.0,0.0,0.0,12.5,12.5,0.0,6.25,6.25,0.0,12.5,0.0,
GTPGPQGIAGQRGVVAEAAAKEAAAKEAAAKASGSLSTFFRLFNRSFTQALGK,24.074,0.0,5.556,0.0,12.963,7.407,1.852,0.0,7.407,0.0,5.556,1.852,5.556,3.704,7.407,5.556,5.556,0.0,3.704,0.0,
CGGLLLFLLKKRKKRKY,0.0,5.556,0.0,0.0,11.111,5.556,0.0,0.0,27.778,0.0,27.778,0.0,0.0,0.0,0.0,11.111,0.0,0.0,0.0,5.556,
NGVQPKYKWWKWWKKWW,0.0,0.0,0.0,0.0,5.556,0.0,0.0,0.0,27.778,0.0,0.0,5.556,5.556,5.556,0.0,0.0,0.0,33.333,5.556,5.556,
NGVQPKYRWWRWWRRWW,0.0,0.0,0.0,0.0,5.556,0.0,0.0,0.0,5.556,0.0,0.0,5.556,5.556,5.556,0.0,22.222,0.0,33.333,5.556,5.556,
FWRIRIRR,0.0,0.0,0.0,0.0,0.0,11.111,22.222,0.0,0.0,0.0,0.0,0.0,0.0,0.0,0.0,44.444,0.0,11.111,0.0,0.0,
PFWRIRIRR,0.0,0.0,0.0,0.0,0.0,10.0,20.0,0.0,0.0,0.0,0.0,0.0,0.0,10.0,0.0,40.0,0.0,10.0,0.0,0.0,
PFFWRIRIRR,0.0,0.0,0.0,0.0,0.0,18.182,18.182,0.0,0.0,0.0,0.0,0.0,0.0,9.091,0.0,36.364,0.0,9.091,0.0,0.0,
FWRRFWRR,0.0,0.0,0.0,0.0,0.0,22.222,0.0,0.0,0.0,0.0,0.0,0.0,0.0,0.0,0.0,44.444,0.0,22.222,0.0,0.0,
KRAKKFFKKPK,8.333,0.0,0.0,0.0,0.0,16.667,0.0,0.0,50.0,0.0,0.0,0.0,0.0,8.333,0.0,8.333,0.0,0.0,0.0,0.0,
KRFKKFFKKLK,0.0,0.0,0.0,0.0,0.0,25.0,0.0,0.0,50.0,0.0,8.333,0.0,0.0,0.0,0.0,8.333,0.0,0.0,0.0,0.0,
LKLLKKLLKKLLKLL,0.0,0.0,0.0,0.0,0.0,0.0,0.0,0.0,37.5,0.0,56.25,0.0,0.0,0.0,0.0,0.0,0.0,0.0,0.0,0.0,
KKKLLLLLLLLLKKK,0.0,0.0,0.0,0.0,0.0,0.0,0.0,0.0,37.5,0.0,56.25,0.0,0.0,0.0,0.0,0.0,0.0,0.0,0.0,0.0,
LLLLLKKKKKKLLLL,0.0,0.0,0.0,0.0,0.0,0.0,0.0,0.0,37.5,0.0,56.25,0.0,0.0,0.0,0.0,0.0,0.0,0.0,0.0,0.0,
WKKIRVRLSA,9.091,0.0,0.0,0.0,0.0,0.0,9.091,0.0,18.182,0.0,9.091,0.0,0.0,0.0,9.091,18.182,0.0,9.091,9.091,0.0,
KWKIRVRLSA,9.091,0.0,0.0,0.0,0.0,0.0,9.091,0.0,18.182,0.0,9.091,0.0,0.0,0.0,9.091,18.182,0.0,9.091,9.091,0.0,
KIKWILKYWKWS,0.0,0.0,0.0,0.0,0.0,0.0,15.385,0.0,30.769,0.0,7.692,0.0,0.0,0.0,7.692,0.0,0.0,23.077,0.0,7.692,
RIRWILRYWRWS,0.0,0.0,0.0,0.0,0.0,0.0,15.385,0.0,0.0,0.0,7.692,0.0,0.0,0.0,7.692,30.769,0.0,23.077,0.0,7.692,
GLLWHLLHHLLH,0.0,0.0,0.0,0.0,7.692,0.0,0.0,30.769,0.0,0.0,46.154,0.0,0.0,0.0,0.0,0.0,0.0,7.692,0.0,0.0,
LAAKLTKAATKLTAALTKLAAALT,36.0,0.0,0.0,0.0,0.0,0.0,0.0,0.0,16.0,0.0,24.0,0.0,0.0,0.0,0.0,0.0,20.0,0.0,0.0,0.0,
DGVKLCDVPSGTWSGHCGSSSKCSQQCKDREHFAYGGACHYQFPSVKCFCKRQC,3.636,14.545,1.818,5.455,10.909,5.455,0.0,5.455,9.091,0.0,1.818,0.0,7.273,3.636,12.727,3.636,1.818,1.818,5.455,3.636,
LLPIVGNLLKSLL,0.0,0.0,0.0,0.0,7.143,0.0,7.143,0.0,7.143,0.0,42.857,7.143,0.0,7.143,7.143,0.0,0.0,0.0,7.143,0.0,
RGLRRLGRKIAHGVKKYGPTVLRIIRIAG,6.667,0.0,0.0,0.0,16.667,0.0,13.333,3.333,10.0,0.0,10.0,0.0,0.0,3.333,0.0,20.0,3.333,0.0,6.667,3.333,
GRFKRFRKKFKKLFKKLSPVIPLLHLG,0.0,0.0,0.0,0.0,7.143,14.286,3.571,3.571,25.0,0.0,17.857,0.0,0.0,7.143,3.571,10.714,0.0,0.0,3.571,0.0,
GGLRSLGRKILRAWKKYGPIIVPIIRIG,3.448,0.0,0.0,0.0,17.241,0.0,20.69,0.0,10.345,0.0,10.345,0.0,0.0,6.897,3.448,13.793,0.0,3.448,3.448,3.448,
FFGSVLKLIPKIL,0.0,0.0,0.0,0.0,7.143,14.286,14.286,0.0,14.286,0.0,21.429,0.0,0.0,7.143,7.143,0.0,0.0,0.0,7.143,0.0,
GIHDILKYGKPS,0.0,0.0,0.0,7.692,15.385,0.0,15.385,7.692,15.385,0.0,7.692,0.0,0.0,7.692,7.692,0.0,0.0,0.0,0.0,7.692,
VTCDVLSFEAKGIAVNHSACALHCIALRKKGGSCQNGVCVCRN,11.364,13.636,2.273,2.273,9.091,2.273,4.545,4.545,6.818,0.0,6.818,6.818,2.273,0.0,6.818,4.545,2.273,0.0,11.364,0.0,
TFPKCAPTRPPGPKPCDINNFKSKFWHIWRA,6.25,6.25,0.0,3.125,3.125,9.375,6.25,3.125,12.5,0.0,0.0,6.25,0.0,18.75,3.125,6.25,6.25,6.25,0.0,0.0,
ILSAIWSGIKSLF,7.143,0.0,0.0,0.0,7.143,7.143,21.429,0.0,7.143,0.0,14.286,0.0,0.0,0.0,21.429,0.0,0.0,7.143,0.0,0.0,
KTKKKLLKKT,0.0,0.0,0.0,0.0,0.0,0.0,0.0,0.0,54.545,0.0,18.182,0.0,0.0,0.0,0.0,0.0,18.182,0.0,0.0,0.0,
FLGMIPGLIGGLISAFK,5.556,0.0,0.0,0.0,22.222,11.111,16.667,0.0,5.556,5.556,16.667,0.0,0.0,5.556,5.556,0.0,0.0,0.0,0.0,0.0,
VKLFPVKLFP,0.0,0.0,0.0,0.0,0.0,18.182,0.0,0.0,18.182,0.0,18.182,0.0,0.0,18.182,0.0,0.0,0.0,0.0,18.182,0.0,
FIGMIPGLIGGLISAFK,5.556,0.0,0.0,0.0,22.222,11.111,22.222,0.0,5.556,5.556,11.111,0.0,0.0,5.556,5.556,0.0,0.0,0.0,0.0,0.0,
FFGTLFKLGSKLIPGVMKLFSKKKER,0.0,0.0,3.704,0.0,11.111,14.815,3.704,0.0,22.222,3.704,14.815,0.0,0.0,3.704,7.407,3.704,3.704,0.0,3.704,0.0,
WWWLRKIW,0.0,0.0,0.0,0.0,0.0,0.0,11.111,0.0,11.111,0.0,11.111,0.0,0.0,0.0,0.0,11.111,0.0,44.444,0.0,0.0,
ALWKEVLKNAGKAALNEINNLV,17.391,0.0,8.696,0.0,4.348,0.0,4.348,0.0,13.043,0.0,17.391,17.391,0.0,0.0,0.0,0.0,0.0,4.348,8.696,0.0,
NKGCSACAIGAACLADGPIPDFEVAGITGTFGIAS,19.444,8.333,2.778,5.556,16.667,5.556,11.111,0.0,2.778,0.0,2.778,2.778,0.0,5.556,5.556,0.0,5.556,0.0,2.778,0.0,
KTKKKFLKKT,0.0,0.0,0.0,0.0,0.0,9.091,0.0,0.0,54.545,0.0,9.091,0.0,0.0,0.0,0.0,0.0,18.182,0.0,0.0,0.0,
FFRNLWKGAKAAFRAGHAAWRA,30.435,0.0,0.0,0.0,8.696,13.043,0.0,4.348,8.696,0.0,4.348,4.348,0.0,0.0,0.0,13.043,0.0,8.696,0.0,0.0,
ILSAIWSGIKSLF,7.143,0.0,0.0,0.0,7.143,7.143,21.429,0.0,7.143,0.0,14.286,0.0,0.0,0.0,21.429,0.0,0.0,7.143,0.0,0.0,
KTKKKLLKKT,0.0,0.0,0.0,0.0,0.0,0.0,0.0,0.0,54.545,0.0,18.182,0.0,0.0,0.0,0.0,0.0,18.182,0.0,0.0,0.0,
DGVKLCDVPSGTWSGHCGSSSKCSQQCKDREHFAYGGACHYQFPSVKCFCKRQC,3.636,14.545,1.818,5.455,10.909,5.455,0.0,5.455,9.091,0.0,1.818,0.0,7.273,3.636,12.727,3.636,1.818,1.818,5.455,3.636,
ALWKEVLKNAGKAALNEINNLV,17.391,0.0,8.696,0.0,4.348,0.0,4.348,0.0,13.043,0.0,17.391,17.391,0.0,0.0,0.0,0.0,0.0,4.348,8.696,0.0,
NKGCSACAIGAACLADGPIPDFEVAGITGTFGIAS,19.444,8.333,2.778,5.556,16.667,5.556,11.111,0.0,2.778,0.0,2.778,2.778,0.0,5.556,5.556,0.0,5.556,0.0,2.778,0.0,
FFRNLWKGAKAAFRAGHAAWRA,30.435,0.0,0.0,0.0,8.696,13.043,0.0,4.348,8.696,0.0,4.348,4.348,0.0,0.0,0.0,13.043,0.0,8.696,0.0,0.0,
CVNWKKILGKIIKVVK,0.0,5.882,0.0,0.0,5.882,0.0,17.647,0.0,29.412,0.0,5.882,5.882,0.0,0.0,0.0,0.0,0.0,5.882,17.647,0.0,
CWFWKWWRRRRR,0.0,7.692,0.0,0.0,0.0,7.692,0.0,0.0,7.692,0.0,0.0,0.0,0.0,0.0,0.0,38.462,0.0,30.769,0.0,0.0,
EVASFDKSKLK,8.333,0.0,8.333,8.333,0.0,8.333,0.0,0.0,25.0,0.0,8.333,0.0,0.0,0.0,16.667,0.0,0.0,0.0,8.333,0.0,
FFGKVLKLIRKIF,0.0,0.0,0.0,0.0,7.143,21.429,14.286,0.0,21.429,0.0,14.286,0.0,0.0,0.0,0.0,7.143,0.0,0.0,7.143,0.0,
DIIIIFPPFG,0.0,0.0,0.0,9.091,9.091,18.182,36.364,0.0,0.0,0.0,0.0,0.0,0.0,18.182,0.0,0.0,0.0,0.0,0.0,0.0,
TREWDG,0.0,0.0,14.286,14.286,14.286,0.0,0.0,0.0,0.0,0.0,0.0,0.0,0.0,0.0,0.0,14.286,14.286,14.286,0.0,0.0,
YTNGNWVPS,0.0,0.0,0.0,0.0,10.0,0.0,0.0,0.0,0.0,0.0,0.0,20.0,0.0,10.0,10.0,0.0,10.0,10.0,10.0,10.0,
MLDWKY,0.0,0.0,0.0,14.286,0.0,0.0,0.0,0.0,14.286,14.286,14.286,0.0,0.0,0.0,0.0,0.0,0.0,14.286,0.0,14.286,
MMDWHY,0.0,0.0,0.0,14.286,0.0,0.0,0.0,14.286,0.0,28.571,0.0,0.0,0.0,0.0,0.0,0.0,0.0,14.286,0.0,14.286,
GIFWEQ,0.0,0.0,14.286,0.0,14.286,14.286,14.286,0.0,0.0,0.0,0.0,0.0,14.286,0.0,0.0,0.0,0.0,14.286,0.0,0.0,
DVRSNKIRLWWENIFFNKK,0.0,0.0,5.0,5.0,0.0,10.0,10.0,0.0,15.0,0.0,5.0,15.0,0.0,0.0,5.0,10.0,0.0,10.0,5.0,0.0,
SAVDWWRL,11.111,0.0,0.0,11.111,0.0,0.0,0.0,0.0,0.0,0.0,11.111,0.0,0.0,0.0,11.111,11.111,0.0,22.222,11.111,0.0,
EFDWWNLG,0.0,0.0,11.111,11.111,11.111,11.111,0.0,0.0,0.0,0.0,11.111,11.111,0.0,0.0,0.0,0.0,0.0,22.222,0.0,0.0,
DIFKLVIDHISMKARKK,5.556,0.0,0.0,11.111,0.0,5.556,16.667,5.556,22.222,5.556,5.556,0.0,0.0,0.0,5.556,5.556,0.0,0.0,5.556,0.0,
