peptide,Length,NumberOfA,NumberOfR,NumberOfN,NumberOfD,NumberOfC,NumberOfQ,NumberOfE,NumberOfG,NumberOfH,NumberOfI,NumberOfL,NumberOfK,NumberOfM,NumberOfF,NumberOfP,NumberOfS,NumberOfT,NumberOfW,NumberOfY,NumberOfV,Tiny,Small,Aliphatic,Aromatic,Polar,Charged,Basic,Acidic,PI,ChargeInPH8,Carbon,Hydrogen,Nitrogen,Oxygen,Sulfur
AKDEH,5.00000,1.00000,0.00000,0.00000,1.00000,0.00000,0.00000,1.00000,0.00000,1.00000,0.00000,0.00000,1.00000,0.00000,0.00000,0.00000,0.00000,0.00000,0.00000,0.00000,0.00000,1.00000,1.00000,0.00000,1.00000,4.00000,4.00000,2.00000,2.00000,5.23000,-1.37865,24.00000,38.00000,8.00000,10.00000,0.00000
AKTVQ,5.00000,1.00000,0.00000,0.00000,0.00000,0.00000,1.00000,0.00000,0.00000,0.00000,0.00000,0.00000,1.00000,0.00000,0.00000,0.00000,0.00000,1.00000,0.00000,0.00000,1.00000,2.00000,2.00000,1.00000,0.00000,3.00000,1.00000,1.00000,0.00000,9.38000,0.61031,23.00000,43.00000,7.00000,8.00000,0.00000
ARNQT,5.00000,1.00000,1.00000,1.00000,0.00000,0.00000,1.00000,0.00000,0.00000,0.00000,0.00000,0.00000,0.00000,0.00000,0.00000,0.00000,0.00000,1.00000,0.00000,0.00000,0.00000,2.00000,2.00000,0.00000,0.00000,4.00000,1.00000,1.00000,0.00000,10.35000,0.61315,22.00000,40.00000,13.00000,9.00000,0.00000
DRVGA,5.00000,1.00000,1.00000,0.00000,1.00000,0.00000,0.00000,0.00000,1.00000,0.00000,0.00000,0.00000,0.00000,0.00000,0.00000,0.00000,0.00000,0.00000,0.00000,0.00000,1.00000,2.00000,2.00000,1.00000,0.00000,2.00000,2.00000,1.00000,1.00000,6.15000,-0.38677,20.00000,36.00000,11.00000,8.00000,0.00000
EKMIG,5.00000,0.00000,0.00000,0.00000,0.00000,0.00000,0.00000,1.00000,1.00000,0.00000,1.00000,0.00000,1.00000,1.00000,0.00000,0.00000,0.00000,0.00000,0.00000,0.00000,0.00000,1.00000,1.00000,1.00000,0.00000,2.00000,2.00000,1.00000,1.00000,6.21000,-0.38958,24.00000,44.00000,6.00000,8.00000,1.00000
ERGMT,5.00000,0.00000,1.00000,0.00000,0.00000,0.00000,0.00000,1.00000,1.00000,0.00000,0.00000,0.00000,0.00000,1.00000,0.00000,0.00000,0.00000,1.00000,0.00000,0.00000,0.00000,2.00000,2.00000,0.00000,0.00000,3.00000,2.00000,1.00000,1.00000,6.21000,-0.38673,22.00000,40.00000,11.00000,9.00000,1.00000
ERNNT,5.00000,0.00000,1.00000,2.00000,0.00000,0.00000,0.00000,1.00000,0.00000,0.00000,0.00000,0.00000,0.00000,0.00000,0.00000,0.00000,0.00000,1.00000,0.00000,0.00000,0.00000,1.00000,1.00000,0.00000,0.00000,5.00000,2.00000,1.00000,1.00000,6.21000,-0.38673,23.00000,40.00000,13.00000,11.00000,0.00000
ERPVG,5.00000,0.00000,1.00000,0.00000,0.00000,0.00000,0.00000,1.00000,1.00000,0.00000,0.00000,0.00000,0.00000,0.00000,0.00000,1.00000,0.00000,0.00000,0.00000,0.00000,1.00000,1.00000,1.00000,1.00000,0.00000,2.00000,2.00000,1.00000,1.00000,6.21000,-0.38673,23.00000,40.00000,11.00000,8.00000,0.00000
GKAEF,5.00000,1.00000,0.00000,0.00000,0.00000,0.00000,0.00000,1.00000,1.00000,0.00000,0.00000,0.00000,1.00000,0.00000,1.00000,0.00000,0.00000,0.00000,0.00000,0.00000,0.00000,2.00000,2.00000,0.00000,1.00000,2.00000,2.00000,1.00000,1.00000,6.21000,-0.38958,25.00000,38.00000,6.00000,8.00000,0.00000
LPFEF,5.00000,0.00000,0.00000,0.00000,0.00000,0.00000,0.00000,1.00000,0.00000,0.00000,0.00000,1.00000,0.00000,0.00000,2.00000,1.00000,0.00000,0.00000,0.00000,0.00000,0.00000,0.00000,0.00000,1.00000,2.00000,1.00000,1.00000,0.00000,1.00000,3.86000,-1.38670,34.00000,45.00000,5.00000,8.00000,0.00000
LPFEH,5.00000,0.00000,0.00000,0.00000,0.00000,0.00000,0.00000,1.00000,0.00000,1.00000,0.00000,1.00000,0.00000,0.00000,1.00000,1.00000,0.00000,0.00000,0.00000,0.00000,0.00000,0.00000,0.00000,1.00000,2.00000,2.00000,2.00000,1.00000,1.00000,5.14000,-1.37586,31.00000,43.00000,7.00000,8.00000,0.00000
MKAEH,5.00000,1.00000,0.00000,0.00000,0.00000,0.00000,0.00000,1.00000,0.00000,1.00000,0.00000,0.00000,1.00000,1.00000,0.00000,0.00000,0.00000,0.00000,0.00000,0.00000,0.00000,1.00000,1.00000,0.00000,1.00000,3.00000,3.00000,2.00000,1.00000,7.13000,-0.37873,25.00000,42.00000,8.00000,8.00000,1.00000
MPFEF,5.00000,0.00000,0.00000,0.00000,0.00000,0.00000,0.00000,1.00000,0.00000,0.00000,0.00000,0.00000,0.00000,1.00000,2.00000,1.00000,0.00000,0.00000,0.00000,0.00000,0.00000,0.00000,0.00000,0.00000,2.00000,1.00000,1.00000,0.00000,1.00000,3.86000,-1.38670,33.00000,43.00000,5.00000,8.00000,1.00000
QRGMI,5.00000,0.00000,1.00000,0.00000,0.00000,0.00000,1.00000,0.00000,1.00000,0.00000,1.00000,0.00000,0.00000,1.00000,0.00000,0.00000,0.00000,0.00000,0.00000,0.00000,0.00000,1.00000,1.00000,1.00000,0.00000,2.00000,1.00000,1.00000,0.00000,10.35000,0.61315,24.00000,45.00000,12.00000,7.00000,1.00000
SKDYN,5.00000,0.00000,0.00000,1.00000,1.00000,0.00000,0.00000,0.00000,0.00000,0.00000,0.00000,0.00000,1.00000,0.00000,0.00000,0.00000,1.00000,0.00000,0.00000,1.00000,0.00000,1.00000,1.00000,0.00000,1.00000,4.00000,2.00000,1.00000,1.00000,6.15000,-0.39307,26.00000,39.00000,7.00000,11.00000,0.00000
SRNVT,5.00000,0.00000,1.00000,1.00000,0.00000,0.00000,0.00000,0.00000,0.00000,0.00000,0.00000,0.00000,0.00000,0.00000,0.00000,0.00000,1.00000,1.00000,0.00000,0.00000,1.00000,2.00000,2.00000,1.00000,0.00000,4.00000,1.00000,1.00000,0.00000,10.35000,0.61315,22.00000,41.00000,12.00000,9.00000,0.00000
VPFEF,5.00000,0.00000,0.00000,0.00000,0.00000,0.00000,0.00000,1.00000,0.00000,0.00000,0.00000,0.00000,0.00000,0.00000,2.00000,1.00000,0.00000,0.00000,0.00000,0.00000,1.00000,0.00000,0.00000,1.00000,2.00000,1.00000,1.00000,0.00000,1.00000,3.86000,-1.38670,33.00000,43.00000,5.00000,8.00000,0.00000
ADLPFEF,7.00000,1.00000,0.00000,0.00000,1.00000,0.00000,0.00000,1.00000,0.00000,0.00000,0.00000,1.00000,0.00000,0.00000,2.00000,1.00000,0.00000,0.00000,0.00000,0.00000,0.00000,1.00000,1.00000,1.00000,2.00000,2.00000,2.00000,0.00000,2.00000,3.57000,-2.38662,41.00000,55.00000,7.00000,12.00000,0.00000
AITLIFI,7.00000,1.00000,0.00000,0.00000,0.00000,0.00000,0.00000,0.00000,0.00000,0.00000,3.00000,1.00000,0.00000,0.00000,1.00000,0.00000,0.00000,1.00000,0.00000,0.00000,0.00000,2.00000,2.00000,4.00000,1.00000,1.00000,0.00000,0.00000,0.00000,5.93000,-0.38682,40.00000,67.00000,7.00000,9.00000,0.00000
LVTLVFV,7.00000,0.00000,0.00000,0.00000,0.00000,0.00000,0.00000,0.00000,0.00000,0.00000,0.00000,2.00000,0.00000,0.00000,1.00000,0.00000,0.00000,1.00000,0.00000,0.00000,3.00000,1.00000,1.00000,5.00000,1.00000,1.00000,0.00000,0.00000,0.00000,5.93000,-0.38682,40.00000,67.00000,7.00000,9.00000,0.00000
NEVPFEF,7.00000,0.00000,0.00000,1.00000,0.00000,0.00000,0.00000,2.00000,0.00000,0.00000,0.00000,0.00000,0.00000,0.00000,2.00000,1.00000,0.00000,0.00000,0.00000,0.00000,1.00000,0.00000,0.00000,1.00000,2.00000,3.00000,2.00000,0.00000,2.00000,3.62000,-2.38658,42.00000,56.00000,8.00000,13.00000,0.00000
SDLPFEH,7.00000,0.00000,0.00000,0.00000,1.00000,0.00000,0.00000,1.00000,0.00000,1.00000,0.00000,1.00000,0.00000,0.00000,1.00000,1.00000,1.00000,0.00000,0.00000,0.00000,0.00000,1.00000,1.00000,1.00000,2.00000,4.00000,3.00000,1.00000,2.00000,4.18000,-2.37578,38.00000,53.00000,9.00000,13.00000,0.00000
SDMPFEF,7.00000,0.00000,0.00000,0.00000,1.00000,0.00000,0.00000,1.00000,0.00000,0.00000,0.00000,0.00000,0.00000,1.00000,2.00000,1.00000,1.00000,0.00000,0.00000,0.00000,0.00000,1.00000,1.00000,0.00000,2.00000,3.00000,2.00000,0.00000,2.00000,3.57000,-2.38662,40.00000,53.00000,7.00000,13.00000,1.00000
SYPGWSW,7.00000,0.00000,0.00000,0.00000,0.00000,0.00000,0.00000,0.00000,1.00000,0.00000,0.00000,0.00000,0.00000,0.00000,0.00000,1.00000,2.00000,0.00000,2.00000,1.00000,0.00000,3.00000,3.00000,0.00000,3.00000,2.00000,0.00000,0.00000,0.00000,5.93000,-0.39027,44.00000,51.00000,9.00000,11.00000,0.00000
GLDWWSL,7.00000,0.00000,0.00000,0.00000,1.00000,0.00000,0.00000,0.00000,1.00000,0.00000,0.00000,2.00000,0.00000,0.00000,0.00000,0.00000,1.00000,0.00000,2.00000,0.00000,0.00000,2.00000,2.00000,2.00000,2.00000,2.00000,1.00000,0.00000,1.00000,3.78000,-1.38674,43.00000,57.00000,9.00000,11.00000,0.00000
ALILTLVS,8.00000,1.00000,0.00000,0.00000,0.00000,0.00000,0.00000,0.00000,0.00000,0.00000,1.00000,3.00000,0.00000,0.00000,0.00000,0.00000,1.00000,1.00000,0.00000,0.00000,1.00000,3.00000,3.00000,5.00000,0.00000,2.00000,0.00000,0.00000,0.00000,5.93000,-0.38682,39.00000,72.00000,8.00000,11.00000,0.00000
FLVMFLSG,8.00000,0.00000,0.00000,0.00000,0.00000,0.00000,0.00000,0.00000,1.00000,0.00000,0.00000,2.00000,0.00000,1.00000,2.00000,0.00000,1.00000,0.00000,0.00000,0.00000,1.00000,2.00000,2.00000,3.00000,2.00000,1.00000,0.00000,0.00000,0.00000,5.93000,-0.38682,45.00000,68.00000,8.00000,10.00000,1.00000
LFSLVLAG,8.00000,1.00000,0.00000,0.00000,0.00000,0.00000,0.00000,0.00000,1.00000,0.00000,0.00000,3.00000,0.00000,0.00000,1.00000,0.00000,1.00000,0.00000,0.00000,0.00000,1.00000,3.00000,3.00000,4.00000,1.00000,1.00000,0.00000,0.00000,0.00000,5.93000,-0.38682,40.00000,66.00000,8.00000,10.00000,0.00000
LFVVTLVG,8.00000,0.00000,0.00000,0.00000,0.00000,0.00000,0.00000,0.00000,1.00000,0.00000,0.00000,2.00000,0.00000,0.00000,1.00000,0.00000,0.00000,1.00000,0.00000,0.00000,3.00000,2.00000,2.00000,5.00000,1.00000,1.00000,0.00000,0.00000,0.00000,5.93000,-0.38682,42.00000,70.00000,8.00000,10.00000,0.00000
VAVLVLGA,8.00000,2.00000,0.00000,0.00000,0.00000,0.00000,0.00000,0.00000,1.00000,0.00000,0.00000,2.00000,0.00000,0.00000,0.00000,0.00000,0.00000,0.00000,0.00000,0.00000,3.00000,3.00000,3.00000,5.00000,0.00000,0.00000,0.00000,0.00000,0.00000,5.93000,-0.38682,35.00000,64.00000,8.00000,9.00000,0.00000
DIIIIVGG,8.00000,0.00000,0.00000,0.00000,1.00000,0.00000,0.00000,0.00000,2.00000,0.00000,4.00000,0.00000,0.00000,0.00000,0.00000,0.00000,0.00000,0.00000,0.00000,0.00000,1.00000,2.00000,2.00000,5.00000,0.00000,1.00000,1.00000,0.00000,1.00000,3.78000,-1.38674,37.00000,66.00000,8.00000,11.00000,0.00000
DILIIVGG,8.00000,0.00000,0.00000,0.00000,1.00000,0.00000,0.00000,0.00000,2.00000,0.00000,3.00000,1.00000,0.00000,0.00000,0.00000,0.00000,0.00000,0.00000,0.00000,0.00000,1.00000,2.00000,2.00000,5.00000,0.00000,1.00000,1.00000,0.00000,1.00000,3.78000,-1.38674,37.00000,66.00000,8.00000,11.00000,0.00000
EGIIVIVVG,9.00000,0.00000,0.00000,0.00000,0.00000,0.00000,0.00000,1.00000,2.00000,0.00000,3.00000,0.00000,0.00000,0.00000,0.00000,0.00000,0.00000,0.00000,0.00000,0.00000,3.00000,2.00000,2.00000,6.00000,0.00000,1.00000,1.00000,0.00000,1.00000,3.86000,-1.38670,42.00000,75.00000,9.00000,12.00000,0.00000
ILPYFAGCL,9.00000,1.00000,0.00000,0.00000,0.00000,1.00000,0.00000,0.00000,1.00000,0.00000,1.00000,2.00000,0.00000,0.00000,1.00000,1.00000,0.00000,0.00000,0.00000,1.00000,0.00000,3.00000,3.00000,3.00000,2.00000,0.00000,0.00000,0.00000,0.00000,5.77000,-0.78812,49.00000,73.00000,9.00000,11.00000,1.00000
CVFSLFKKCN,10.00000,0.00000,0.00000,1.00000,0.00000,2.00000,0.00000,0.00000,0.00000,0.00000,0.00000,1.00000,2.00000,0.00000,2.00000,0.00000,1.00000,0.00000,0.00000,0.00000,1.00000,3.00000,3.00000,2.00000,2.00000,4.00000,2.00000,2.00000,0.00000,8.48000,0.81175,54.00000,85.00000,13.00000,13.00000,2.00000
ILSGAPCIPW,10.00000,1.00000,0.00000,0.00000,0.00000,1.00000,0.00000,0.00000,1.00000,0.00000,2.00000,1.00000,0.00000,0.00000,0.00000,2.00000,1.00000,0.00000,1.00000,0.00000,0.00000,4.00000,4.00000,3.00000,1.00000,1.00000,0.00000,0.00000,0.00000,5.77000,-0.78466,50.00000,77.00000,11.00000,12.00000,1.00000
AILPYFAGCL,10.00000,2.00000,0.00000,0.00000,0.00000,1.00000,0.00000,0.00000,1.00000,0.00000,1.00000,2.00000,0.00000,0.00000,1.00000,1.00000,0.00000,0.00000,0.00000,1.00000,0.00000,4.00000,4.00000,3.00000,2.00000,0.00000,0.00000,0.00000,0.00000,5.77000,-0.78812,52.00000,78.00000,10.00000,12.00000,1.00000
DLRNIFLKIKFKKK,14.00000,0.00000,1.00000,1.00000,1.00000,0.00000,0.00000,0.00000,0.00000,0.00000,2.00000,2.00000,5.00000,0.00000,2.00000,0.00000,0.00000,0.00000,0.00000,0.00000,0.00000,0.00000,0.00000,4.00000,2.00000,8.00000,7.00000,6.00000,1.00000,11.13000,4.59885,86.00000,147.00000,26.00000,18.00000,0.00000
DLRGVPNPWGWIFGR,15.00000,0.00000,2.00000,1.00000,1.00000,0.00000,0.00000,0.00000,3.00000,0.00000,1.00000,1.00000,0.00000,0.00000,1.00000,2.00000,0.00000,0.00000,2.00000,0.00000,1.00000,3.00000,3.00000,3.00000,3.00000,4.00000,3.00000,2.00000,1.00000,10.19000,0.61319,84.00000,120.00000,30.00000,19.00000,0.00000
SNLVECVFSLFKKCN,15.00000,0.00000,0.00000,2.00000,0.00000,2.00000,0.00000,1.00000,0.00000,0.00000,0.00000,2.00000,2.00000,0.00000,2.00000,0.00000,2.00000,0.00000,0.00000,0.00000,2.00000,4.00000,4.00000,4.00000,2.00000,7.00000,3.00000,2.00000,1.00000,7.89000,-0.18814,77.00000,123.00000,19.00000,22.00000,2.00000
EMRKSNNNFFHFLRRI,16.00000,0.00000,3.00000,3.00000,0.00000,0.00000,0.00000,1.00000,0.00000,1.00000,1.00000,1.00000,1.00000,1.00000,3.00000,0.00000,1.00000,0.00000,0.00000,0.00000,0.00000,1.00000,1.00000,2.00000,4.00000,10.00000,6.00000,5.00000,1.00000,12.20000,2.62117,94.00000,145.00000,40.00000,23.00000,1.00000
DSRIRMGFDFSKLFGK,16.00000,0.00000,2.00000,0.00000,2.00000,0.00000,0.00000,0.00000,2.00000,0.00000,1.00000,1.00000,2.00000,1.00000,3.00000,0.00000,2.00000,0.00000,0.00000,0.00000,0.00000,4.00000,4.00000,2.00000,3.00000,8.00000,6.00000,4.00000,2.00000,10.53000,1.60752,86.00000,134.00000,30.00000,23.00000,1.00000
EIRQTHNIFFNFFKRR,16.00000,0.00000,3.00000,2.00000,0.00000,0.00000,1.00000,1.00000,0.00000,1.00000,2.00000,0.00000,1.00000,0.00000,4.00000,0.00000,0.00000,1.00000,0.00000,0.00000,0.00000,1.00000,1.00000,2.00000,5.00000,10.00000,6.00000,5.00000,1.00000,12.20000,2.62117,100.00000,149.00000,40.00000,23.00000,0.00000
EMRKPDGALFNLFRRR,16.00000,1.00000,4.00000,1.00000,1.00000,0.00000,0.00000,1.00000,1.00000,0.00000,0.00000,2.00000,1.00000,1.00000,2.00000,1.00000,0.00000,0.00000,0.00000,0.00000,0.00000,2.00000,2.00000,2.00000,2.00000,8.00000,7.00000,5.00000,2.00000,12.03000,2.61037,88.00000,144.00000,42.00000,22.00000,1.00000
DKRLPYFFKHLFSNRTK,17.00000,0.00000,2.00000,1.00000,1.00000,0.00000,0.00000,0.00000,0.00000,1.00000,0.00000,2.00000,3.00000,0.00000,3.00000,1.00000,1.00000,1.00000,0.00000,1.00000,0.00000,2.00000,2.00000,2.00000,5.00000,10.00000,7.00000,6.00000,1.00000,10.97000,3.61196,104.00000,157.00000,35.00000,24.00000,0.00000
DRRDPRGIIGIGKKLFG,17.00000,0.00000,3.00000,0.00000,2.00000,0.00000,0.00000,0.00000,4.00000,0.00000,3.00000,1.00000,2.00000,0.00000,1.00000,1.00000,0.00000,0.00000,0.00000,0.00000,0.00000,4.00000,4.00000,4.00000,1.00000,7.00000,7.00000,5.00000,2.00000,11.42000,2.60749,84.00000,144.00000,37.00000,22.00000,0.00000
DWRISETIRNLIFPRRK,17.00000,0.00000,4.00000,1.00000,1.00000,0.00000,0.00000,1.00000,0.00000,0.00000,3.00000,1.00000,1.00000,0.00000,1.00000,1.00000,1.00000,1.00000,1.00000,0.00000,0.00000,2.00000,2.00000,4.00000,2.00000,10.00000,7.00000,5.00000,2.00000,12.03000,2.61037,99.00000,162.00000,44.00000,25.00000,0.00000
EMRISRIILDFLFLRKK,17.00000,0.00000,3.00000,0.00000,1.00000,0.00000,0.00000,1.00000,0.00000,0.00000,3.00000,3.00000,2.00000,1.00000,2.00000,0.00000,1.00000,0.00000,0.00000,0.00000,0.00000,1.00000,1.00000,6.00000,2.00000,8.00000,7.00000,5.00000,2.00000,11.42000,2.60753,101.00000,172.00000,37.00000,23.00000,1.00000
EMRLPKILRDFIFPRKK,17.00000,0.00000,3.00000,0.00000,1.00000,0.00000,0.00000,1.00000,0.00000,0.00000,2.00000,2.00000,3.00000,1.00000,2.00000,2.00000,0.00000,0.00000,0.00000,0.00000,0.00000,0.00000,0.00000,4.00000,2.00000,8.00000,8.00000,6.00000,2.00000,11.52000,3.60465,102.00000,171.00000,38.00000,22.00000,1.00000
EMRLSKFFRDFILQRKK,17.00000,0.00000,3.00000,0.00000,1.00000,0.00000,1.00000,1.00000,0.00000,0.00000,1.00000,2.00000,3.00000,1.00000,3.00000,0.00000,1.00000,0.00000,0.00000,0.00000,0.00000,1.00000,1.00000,3.00000,3.00000,10.00000,8.00000,6.00000,2.00000,11.52000,3.60465,103.00000,168.00000,39.00000,24.00000,1.00000
ESRLPKILLDFLFLRKK,17.00000,0.00000,2.00000,0.00000,1.00000,0.00000,0.00000,1.00000,0.00000,0.00000,1.00000,5.00000,3.00000,0.00000,2.00000,1.00000,1.00000,0.00000,0.00000,0.00000,0.00000,1.00000,1.00000,6.00000,2.00000,8.00000,7.00000,5.00000,2.00000,10.82000,2.60468,101.00000,170.00000,32.00000,23.00000,0.00000
ESRLPKIRFDFIFPRKK,17.00000,0.00000,3.00000,0.00000,1.00000,0.00000,0.00000,1.00000,0.00000,0.00000,2.00000,1.00000,3.00000,0.00000,3.00000,2.00000,1.00000,0.00000,0.00000,0.00000,0.00000,1.00000,1.00000,3.00000,3.00000,9.00000,8.00000,6.00000,2.00000,11.52000,3.60465,103.00000,165.00000,38.00000,23.00000,0.00000
ESRISDILLDFLFQRKK,17.00000,0.00000,2.00000,0.00000,2.00000,0.00000,1.00000,1.00000,0.00000,0.00000,2.00000,3.00000,2.00000,0.00000,2.00000,0.00000,2.00000,0.00000,0.00000,0.00000,0.00000,2.00000,2.00000,5.00000,2.00000,10.00000,7.00000,4.00000,3.00000,9.21000,0.60764,96.00000,158.00000,32.00000,27.00000,0.00000
SGSLSTFFRLFNRSFTQ,17.00000,0.00000,2.00000,1.00000,0.00000,0.00000,1.00000,0.00000,1.00000,0.00000,0.00000,2.00000,0.00000,0.00000,4.00000,0.00000,4.00000,2.00000,0.00000,0.00000,0.00000,7.00000,7.00000,2.00000,4.00000,10.00000,2.00000,2.00000,0.00000,12.49000,1.61312,91.00000,135.00000,31.00000,26.00000,0.00000
STFFRLFNRSFTQALGK,17.00000,1.00000,2.00000,1.00000,0.00000,0.00000,1.00000,0.00000,1.00000,0.00000,0.00000,2.00000,1.00000,0.00000,4.00000,0.00000,2.00000,2.00000,0.00000,0.00000,0.00000,6.00000,6.00000,2.00000,4.00000,9.00000,3.00000,3.00000,0.00000,12.49000,2.61024,94.00000,142.00000,32.00000,24.00000,0.00000
GKATSSISKCVFSFFKKC,18.00000,1.00000,0.00000,0.00000,0.00000,2.00000,0.00000,0.00000,1.00000,0.00000,1.00000,0.00000,4.00000,0.00000,3.00000,0.00000,4.00000,1.00000,0.00000,0.00000,1.00000,9.00000,9.00000,2.00000,3.00000,9.00000,4.00000,4.00000,0.00000,10.09000,2.80599,89.00000,142.00000,22.00000,24.00000,2.00000
LSTFFRLFNRSFTQALGK,18.00000,1.00000,2.00000,1.00000,0.00000,0.00000,1.00000,0.00000,1.00000,0.00000,0.00000,3.00000,1.00000,0.00000,4.00000,0.00000,2.00000,2.00000,0.00000,0.00000,0.00000,6.00000,6.00000,3.00000,4.00000,9.00000,3.00000,3.00000,0.00000,12.49000,2.61024,100.00000,153.00000,33.00000,25.00000,0.00000
SGSLSTFFRLFNRSFTQA,18.00000,1.00000,2.00000,1.00000,0.00000,0.00000,1.00000,0.00000,1.00000,0.00000,0.00000,2.00000,0.00000,0.00000,4.00000,0.00000,4.00000,2.00000,0.00000,0.00000,0.00000,8.00000,8.00000,2.00000,4.00000,10.00000,2.00000,2.00000,0.00000,12.49000,1.61312,94.00000,140.00000,32.00000,27.00000,0.00000
SGTLSTFFRLFNRSFTQA,18.00000,1.00000,2.00000,1.00000,0.00000,0.00000,1.00000,0.00000,1.00000,0.00000,0.00000,2.00000,0.00000,0.00000,4.00000,0.00000,3.00000,3.00000,0.00000,0.00000,0.00000,8.00000,8.00000,2.00000,4.00000,10.00000,2.00000,2.00000,0.00000,12.49000,1.61312,95.00000,142.00000,32.00000,27.00000,0.00000
SLSTFFRLFNFSFTQALG,18.00000,1.00000,1.00000,1.00000,0.00000,0.00000,1.00000,0.00000,1.00000,0.00000,0.00000,3.00000,0.00000,0.00000,5.00000,0.00000,3.00000,2.00000,0.00000,0.00000,0.00000,7.00000,7.00000,3.00000,5.00000,8.00000,1.00000,1.00000,0.00000,10.35000,0.61315,100.00000,143.00000,26.00000,26.00000,0.00000
DIRHRINNSIWRDIFLKRK,19.00000,0.00000,4.00000,2.00000,2.00000,0.00000,0.00000,0.00000,0.00000,1.00000,4.00000,1.00000,2.00000,0.00000,1.00000,0.00000,1.00000,0.00000,1.00000,0.00000,0.00000,1.00000,1.00000,5.00000,3.00000,12.00000,9.00000,7.00000,2.00000,12.04000,3.61830,111.00000,182.00000,50.00000,27.00000,0.00000
GKPASNLVECVFSLFKKCN,19.00000,1.00000,0.00000,2.00000,0.00000,2.00000,0.00000,1.00000,1.00000,0.00000,0.00000,2.00000,3.00000,0.00000,2.00000,1.00000,2.00000,0.00000,0.00000,0.00000,2.00000,6.00000,6.00000,4.00000,2.00000,8.00000,4.00000,3.00000,1.00000,8.48000,0.80899,93.00000,150.00000,24.00000,26.00000,2.00000
SGSLSTFFRLFNRSFTQAL,19.00000,1.00000,2.00000,1.00000,0.00000,0.00000,1.00000,0.00000,1.00000,0.00000,0.00000,3.00000,0.00000,0.00000,4.00000,0.00000,4.00000,2.00000,0.00000,0.00000,0.00000,8.00000,8.00000,3.00000,4.00000,10.00000,2.00000,2.00000,0.00000,12.49000,1.61312,100.00000,151.00000,33.00000,28.00000,0.00000
SLSTFFRLFNRSFTQALGK,19.00000,1.00000,2.00000,1.00000,0.00000,0.00000,1.00000,0.00000,1.00000,0.00000,0.00000,3.00000,1.00000,0.00000,4.00000,0.00000,3.00000,2.00000,0.00000,0.00000,0.00000,7.00000,7.00000,3.00000,4.00000,10.00000,3.00000,3.00000,0.00000,12.49000,2.61024,103.00000,158.00000,34.00000,27.00000,0.00000
GSLSTFFRLFNRSFTQALGK,20.00000,1.00000,2.00000,1.00000,0.00000,0.00000,1.00000,0.00000,2.00000,0.00000,0.00000,3.00000,1.00000,0.00000,4.00000,0.00000,3.00000,2.00000,0.00000,0.00000,0.00000,8.00000,8.00000,3.00000,4.00000,10.00000,3.00000,3.00000,0.00000,12.49000,2.61024,105.00000,161.00000,35.00000,28.00000,0.00000
SGSLSTFFRLFNRSFTQAGK,20.00000,1.00000,2.00000,1.00000,0.00000,0.00000,1.00000,0.00000,2.00000,0.00000,0.00000,2.00000,1.00000,0.00000,4.00000,0.00000,4.00000,2.00000,0.00000,0.00000,0.00000,9.00000,9.00000,2.00000,4.00000,11.00000,3.00000,3.00000,0.00000,12.49000,2.61024,102.00000,155.00000,35.00000,29.00000,0.00000
SGSLSTFFRLFNRSFTQALG,20.00000,1.00000,2.00000,1.00000,0.00000,0.00000,1.00000,0.00000,2.00000,0.00000,0.00000,3.00000,0.00000,0.00000,4.00000,0.00000,4.00000,2.00000,0.00000,0.00000,0.00000,9.00000,9.00000,3.00000,4.00000,10.00000,2.00000,2.00000,0.00000,12.49000,1.61312,102.00000,154.00000,34.00000,29.00000,0.00000
SGSLSTFFRLFNRSFTQALK,20.00000,1.00000,2.00000,1.00000,0.00000,0.00000,1.00000,0.00000,1.00000,0.00000,0.00000,3.00000,1.00000,0.00000,4.00000,0.00000,4.00000,2.00000,0.00000,0.00000,0.00000,8.00000,8.00000,3.00000,4.00000,11.00000,3.00000,3.00000,0.00000,12.49000,2.61024,106.00000,163.00000,35.00000,29.00000,0.00000
SGSLSTQFRLFNRSFTQALGK,21.00000,1.00000,2.00000,1.00000,0.00000,0.00000,2.00000,0.00000,2.00000,0.00000,0.00000,3.00000,1.00000,0.00000,3.00000,0.00000,4.00000,2.00000,0.00000,0.00000,0.00000,9.00000,9.00000,3.00000,3.00000,12.00000,3.00000,3.00000,0.00000,12.49000,2.61024,104.00000,165.00000,37.00000,31.00000,0.00000
SGSLSTFFLLFNRSFTQALGK,21.00000,1.00000,1.00000,1.00000,0.00000,0.00000,1.00000,0.00000,2.00000,0.00000,0.00000,4.00000,1.00000,0.00000,4.00000,0.00000,4.00000,2.00000,0.00000,0.00000,0.00000,9.00000,9.00000,4.00000,4.00000,10.00000,2.00000,2.00000,0.00000,11.52000,1.61027,108.00000,165.00000,30.00000,30.00000,0.00000
SGSLSTFFRLFLRSFTQALGK,21.00000,1.00000,2.00000,0.00000,0.00000,0.00000,1.00000,0.00000,2.00000,0.00000,0.00000,4.00000,1.00000,0.00000,4.00000,0.00000,4.00000,2.00000,0.00000,0.00000,0.00000,9.00000,9.00000,4.00000,4.00000,10.00000,3.00000,3.00000,0.00000,12.49000,2.61024,110.00000,171.00000,35.00000,29.00000,0.00000
SGSLSTFFRLFNASFTQALGK,21.00000,2.00000,1.00000,1.00000,0.00000,0.00000,1.00000,0.00000,2.00000,0.00000,0.00000,3.00000,1.00000,0.00000,4.00000,0.00000,4.00000,2.00000,0.00000,0.00000,0.00000,10.00000,10.00000,3.00000,4.00000,10.00000,2.00000,2.00000,0.00000,11.52000,1.61027,105.00000,159.00000,30.00000,30.00000,0.00000
SGSLSTFFRLFNRSFTQALGA,21.00000,2.00000,2.00000,1.00000,0.00000,0.00000,1.00000,0.00000,2.00000,0.00000,0.00000,3.00000,0.00000,0.00000,4.00000,0.00000,4.00000,2.00000,0.00000,0.00000,0.00000,10.00000,10.00000,3.00000,4.00000,10.00000,2.00000,2.00000,0.00000,12.49000,1.61312,105.00000,159.00000,35.00000,30.00000,0.00000
SGSLSTFFRLFNRSFTQALGK,21.00000,1.00000,2.00000,1.00000,0.00000,0.00000,1.00000,0.00000,2.00000,0.00000,0.00000,3.00000,1.00000,0.00000,4.00000,0.00000,4.00000,2.00000,0.00000,0.00000,0.00000,9.00000,9.00000,3.00000,4.00000,11.00000,3.00000,3.00000,0.00000,12.49000,2.61024,108.00000,166.00000,36.00000,30.00000,0.00000
SGSLSTFFRLFNRSFTQALGV,21.00000,1.00000,2.00000,1.00000,0.00000,0.00000,1.00000,0.00000,2.00000,0.00000,0.00000,3.00000,0.00000,0.00000,4.00000,0.00000,4.00000,2.00000,0.00000,0.00000,1.00000,9.00000,9.00000,4.00000,4.00000,10.00000,2.00000,2.00000,0.00000,12.49000,1.61312,107.00000,163.00000,35.00000,30.00000,0.00000
SGSLSTFFRLFNRSQTQALGK,21.00000,1.00000,2.00000,1.00000,0.00000,0.00000,2.00000,0.00000,2.00000,0.00000,0.00000,3.00000,1.00000,0.00000,3.00000,0.00000,4.00000,2.00000,0.00000,0.00000,0.00000,9.00000,9.00000,3.00000,3.00000,12.00000,3.00000,3.00000,0.00000,12.49000,2.61024,104.00000,165.00000,37.00000,31.00000,0.00000
SGSLSTFFRLQNRSFTQALGK,21.00000,1.00000,2.00000,1.00000,0.00000,0.00000,2.00000,0.00000,2.00000,0.00000,0.00000,3.00000,1.00000,0.00000,3.00000,0.00000,4.00000,2.00000,0.00000,0.00000,0.00000,9.00000,9.00000,3.00000,3.00000,12.00000,3.00000,3.00000,0.00000,12.49000,2.61024,104.00000,165.00000,37.00000,31.00000,0.00000
SQKGVYASQRSFVPSWFRKIFRN,23.00000,1.00000,3.00000,1.00000,0.00000,0.00000,2.00000,0.00000,1.00000,0.00000,1.00000,0.00000,2.00000,0.00000,3.00000,1.00000,4.00000,0.00000,1.00000,1.00000,2.00000,6.00000,6.00000,3.00000,5.00000,12.00000,5.00000,5.00000,0.00000,12.22000,4.60388,129.00000,194.00000,47.00000,32.00000,0.00000
AGTKPQGKPASSISKCVFSFFKKC,24.00000,2.00000,0.00000,0.00000,0.00000,2.00000,1.00000,0.00000,2.00000,0.00000,1.00000,0.00000,5.00000,0.00000,3.00000,2.00000,4.00000,1.00000,0.00000,0.00000,1.00000,11.00000,11.00000,2.00000,3.00000,11.00000,5.00000,5.00000,0.00000,10.38000,3.80312,115.00000,184.00000,30.00000,31.00000,2.00000
SINSQIGKATSNLVECVFSLFKKCN,25.00000,1.00000,0.00000,3.00000,0.00000,2.00000,1.00000,1.00000,1.00000,0.00000,2.00000,2.00000,3.00000,0.00000,2.00000,0.00000,4.00000,1.00000,0.00000,0.00000,2.00000,9.00000,9.00000,6.00000,2.00000,13.00000,4.00000,3.00000,1.00000,8.48000,0.80899,119.00000,196.00000,32.00000,37.00000,2.00000
EQLSFTSIGILQLLTIGTRSCWFFYCRY,28.00000,0.00000,2.00000,0.00000,0.00000,2.00000,2.00000,1.00000,2.00000,0.00000,3.00000,4.00000,0.00000,0.00000,3.00000,0.00000,3.00000,3.00000,1.00000,2.00000,0.00000,10.00000,10.00000,7.00000,6.00000,11.00000,3.00000,2.00000,1.00000,7.89000,-0.18936,156.00000,233.00000,43.00000,41.00000,2.00000
SGWMDYINGFLKGFGGQRTLPTKDYNIPQV,30.00000,0.00000,1.00000,2.00000,2.00000,0.00000,2.00000,0.00000,5.00000,0.00000,2.00000,2.00000,2.00000,1.00000,2.00000,2.00000,1.00000,2.00000,1.00000,2.00000,1.00000,8.00000,8.00000,5.00000,5.00000,12.00000,5.00000,3.00000,2.00000,9.03000,0.60064,156.00000,232.00000,43.00000,44.00000,1.00000
SRNAT,5.00000,1.00000,1.00000,1.00000,0.00000,0.00000,0.00000,0.00000,0.00000,0.00000,0.00000,0.00000,0.00000,0.00000,0.00000,0.00000,1.00000,1.00000,0.00000,0.00000,0.00000,3.00000,3.00000,0.00000,0.00000,4.00000,1.00000,1.00000,0.00000,10.35000,0.61315,20.00000,37.00000,12.00000,9.00000,0.00000
AIFILAS,7.00000,2.00000,0.00000,0.00000,0.00000,0.00000,0.00000,0.00000,0.00000,0.00000,2.00000,1.00000,0.00000,0.00000,1.00000,0.00000,1.00000,0.00000,0.00000,0.00000,0.00000,3.00000,3.00000,3.00000,1.00000,1.00000,0.00000,0.00000,0.00000,5.93000,-0.38682,36.00000,59.00000,7.00000,9.00000,0.00000
SIFTLVA,7.00000,1.00000,0.00000,0.00000,0.00000,0.00000,0.00000,0.00000,0.00000,0.00000,1.00000,1.00000,0.00000,0.00000,1.00000,0.00000,1.00000,1.00000,0.00000,0.00000,1.00000,3.00000,3.00000,3.00000,1.00000,2.00000,0.00000,0.00000,0.00000,5.93000,-0.38682,36.00000,59.00000,7.00000,10.00000,0.00000
EIIIIVGG,8.00000,0.00000,0.00000,0.00000,0.00000,0.00000,0.00000,1.00000,2.00000,0.00000,4.00000,0.00000,0.00000,0.00000,0.00000,0.00000,0.00000,0.00000,0.00000,0.00000,1.00000,2.00000,2.00000,5.00000,0.00000,1.00000,1.00000,0.00000,1.00000,3.86000,-1.38670,38.00000,68.00000,8.00000,11.00000,0.00000
ESRVSRIILDFLFQRKK,17.00000,0.00000,3.00000,0.00000,1.00000,0.00000,1.00000,1.00000,0.00000,0.00000,2.00000,2.00000,2.00000,0.00000,2.00000,0.00000,2.00000,0.00000,0.00000,0.00000,1.00000,2.00000,2.00000,5.00000,2.00000,10.00000,7.00000,5.00000,2.00000,11.42000,2.60753,97.00000,163.00000,38.00000,25.00000,0.00000
SGSLSTFFRLFNFSFTQALGK,21.00000,1.00000,1.00000,1.00000,0.00000,0.00000,1.00000,0.00000,2.00000,0.00000,0.00000,3.00000,1.00000,0.00000,5.00000,0.00000,4.00000,2.00000,0.00000,0.00000,0.00000,9.00000,9.00000,3.00000,5.00000,10.00000,2.00000,2.00000,0.00000,11.52000,1.61027,111.00000,163.00000,30.00000,30.00000,0.00000
GWGSFFKKAAHVGKHVGKAALTHYL,25.00000,4.00000,0.00000,0.00000,0.00000,0.00000,0.00000,0.00000,4.00000,3.00000,0.00000,2.00000,4.00000,0.00000,2.00000,0.00000,1.00000,1.00000,1.00000,1.00000,2.00000,10.00000,10.00000,4.00000,7.00000,9.00000,7.00000,7.00000,0.00000,10.71000,3.63076,129.00000,192.00000,36.00000,29.00000,0.00000
LLGDFFRKSKEKIGKEFKRIVQRIKDFLRNLVPRTES,37.00000,0.00000,5.00000,1.00000,2.00000,0.00000,1.00000,3.00000,2.00000,0.00000,3.00000,4.00000,6.00000,0.00000,4.00000,1.00000,2.00000,1.00000,0.00000,0.00000,2.00000,5.00000,5.00000,9.00000,4.00000,21.00000,16.00000,11.00000,5.00000,11.14000,5.59627,205.00000,340.00000,75.00000,53.00000,0.00000
GRFKRFRKKFKKLFKKLSPVIPLLHL,26.00000,0.00000,3.00000,0.00000,0.00000,0.00000,0.00000,0.00000,1.00000,1.00000,1.00000,5.00000,7.00000,0.00000,4.00000,2.00000,1.00000,0.00000,0.00000,0.00000,1.00000,2.00000,2.00000,7.00000,5.00000,12.00000,11.00000,11.00000,0.00000,12.81000,9.60380,158.00000,262.00000,53.00000,28.00000,0.00000
GGLRSLGRKILRAWKKYGPIIVPIIRI,27.00000,1.00000,4.00000,0.00000,0.00000,0.00000,0.00000,0.00000,4.00000,0.00000,6.00000,3.00000,3.00000,0.00000,0.00000,2.00000,1.00000,0.00000,1.00000,1.00000,1.00000,6.00000,6.00000,10.00000,2.00000,8.00000,7.00000,7.00000,0.00000,12.50000,6.60097,145.00000,249.00000,55.00000,30.00000,0.00000
RGLRRLGRKIAHGVKKYGPTVLRIIRIA,28.00000,2.00000,6.00000,0.00000,0.00000,0.00000,0.00000,0.00000,4.00000,1.00000,4.00000,3.00000,3.00000,0.00000,0.00000,1.00000,0.00000,1.00000,0.00000,1.00000,2.00000,7.00000,7.00000,9.00000,2.00000,11.00000,10.00000,10.00000,0.00000,12.79000,8.61175,144.00000,257.00000,69.00000,31.00000,0.00000
KKVVFKVKFK,10.00000,0.00000,0.00000,0.00000,0.00000,0.00000,0.00000,0.00000,0.00000,0.00000,0.00000,0.00000,5.00000,0.00000,2.00000,0.00000,0.00000,0.00000,0.00000,0.00000,3.00000,0.00000,0.00000,3.00000,2.00000,5.00000,5.00000,5.00000,0.00000,11.15000,4.59880,63.00000,107.00000,15.00000,11.00000,0.00000
RWGRWLRKIRRWRPK,15.00000,0.00000,6.00000,0.00000,0.00000,0.00000,0.00000,0.00000,1.00000,0.00000,1.00000,1.00000,2.00000,0.00000,0.00000,1.00000,0.00000,0.00000,3.00000,0.00000,0.00000,1.00000,1.00000,2.00000,3.00000,8.00000,8.00000,8.00000,0.00000,13.19000,7.60723,100.00000,160.00000,56.00000,16.00000,0.00000
LLGDFFRKSKEKIGKEFKRIVQRIKDFLRNL,31.00000,0.00000,4.00000,1.00000,2.00000,0.00000,1.00000,2.00000,2.00000,0.00000,3.00000,4.00000,6.00000,0.00000,4.00000,0.00000,1.00000,0.00000,0.00000,0.00000,1.00000,3.00000,3.00000,8.00000,4.00000,17.00000,14.00000,10.00000,4.00000,11.16000,5.59619,177.00000,293.00000,63.00000,43.00000,0.00000
RKSKEKIGKEFKRIVQRIKDFLRNL,25.00000,0.00000,4.00000,1.00000,1.00000,0.00000,1.00000,2.00000,1.00000,0.00000,3.00000,2.00000,6.00000,0.00000,2.00000,0.00000,1.00000,0.00000,0.00000,0.00000,1.00000,2.00000,2.00000,6.00000,2.00000,16.00000,13.00000,10.00000,3.00000,11.61000,6.59611,141.00000,245.00000,57.00000,35.00000,0.00000
IGKEFKRIVQRIKDFLRNLVPRTES,25.00000,0.00000,4.00000,1.00000,1.00000,0.00000,1.00000,2.00000,1.00000,0.00000,3.00000,2.00000,3.00000,0.00000,2.00000,1.00000,1.00000,1.00000,0.00000,0.00000,2.00000,3.00000,3.00000,7.00000,2.00000,14.00000,10.00000,7.00000,3.00000,11.45000,3.60474,137.00000,232.00000,54.00000,36.00000,0.00000
RKSKEKIGKEFKRIVQRIKDFLRNLVPRTES,31.00000,0.00000,5.00000,1.00000,1.00000,0.00000,1.00000,3.00000,1.00000,0.00000,3.00000,2.00000,6.00000,0.00000,2.00000,1.00000,2.00000,1.00000,0.00000,0.00000,2.00000,4.00000,4.00000,7.00000,2.00000,20.00000,15.00000,11.00000,4.00000,11.56000,6.59619,169.00000,292.00000,69.00000,45.00000,0.00000
LLGDFFRKSKEKIGKEFKR,19.00000,0.00000,2.00000,0.00000,1.00000,0.00000,0.00000,2.00000,2.00000,0.00000,1.00000,2.00000,5.00000,0.00000,3.00000,0.00000,1.00000,0.00000,0.00000,0.00000,0.00000,3.00000,3.00000,3.00000,3.00000,11.00000,10.00000,7.00000,3.00000,10.71000,3.59905,108.00000,176.00000,36.00000,27.00000,0.00000
LLGDFFRKSKEKIGKEFKRIVQRIK,25.00000,0.00000,3.00000,0.00000,1.00000,0.00000,1.00000,2.00000,2.00000,0.00000,3.00000,2.00000,6.00000,0.00000,3.00000,0.00000,1.00000,0.00000,0.00000,0.00000,1.00000,3.00000,3.00000,6.00000,3.00000,14.00000,12.00000,9.00000,3.00000,11.18000,5.59614,142.00000,239.00000,50.00000,34.00000,0.00000
LLGDFFRKSKEKI,13.00000,0.00000,1.00000,0.00000,1.00000,0.00000,0.00000,1.00000,1.00000,0.00000,1.00000,2.00000,3.00000,0.00000,2.00000,0.00000,1.00000,0.00000,0.00000,0.00000,0.00000,2.00000,2.00000,3.00000,2.00000,7.00000,6.00000,4.00000,2.00000,10.25000,1.60472,74.00000,121.00000,22.00000,19.00000,0.00000
IGKEFKRIVQRIKDFLRNL,19.00000,0.00000,3.00000,1.00000,1.00000,0.00000,1.00000,1.00000,1.00000,0.00000,3.00000,2.00000,3.00000,0.00000,2.00000,0.00000,0.00000,0.00000,0.00000,0.00000,1.00000,1.00000,1.00000,6.00000,2.00000,10.00000,8.00000,6.00000,2.00000,11.52000,3.60465,109.00000,185.00000,42.00000,26.00000,0.00000
RKSKEKIGKEFKRIVQRIK,19.00000,0.00000,3.00000,0.00000,0.00000,0.00000,1.00000,2.00000,1.00000,0.00000,3.00000,0.00000,6.00000,0.00000,1.00000,0.00000,1.00000,0.00000,0.00000,0.00000,1.00000,2.00000,2.00000,4.00000,1.00000,13.00000,11.00000,9.00000,2.00000,11.68000,6.59606,106.00000,191.00000,44.00000,26.00000,0.00000
IGKEFKRIVQRIK,13.00000,0.00000,2.00000,0.00000,0.00000,0.00000,1.00000,1.00000,1.00000,0.00000,3.00000,0.00000,3.00000,0.00000,1.00000,0.00000,0.00000,0.00000,0.00000,0.00000,1.00000,1.00000,1.00000,4.00000,1.00000,7.00000,6.00000,5.00000,1.00000,11.61000,3.60461,74.00000,131.00000,29.00000,17.00000,0.00000
RIVQRIKDFLRNLVPRTES,19.00000,0.00000,4.00000,1.00000,1.00000,0.00000,1.00000,1.00000,0.00000,0.00000,2.00000,2.00000,1.00000,0.00000,1.00000,1.00000,1.00000,1.00000,0.00000,0.00000,2.00000,2.00000,2.00000,6.00000,1.00000,11.00000,7.00000,5.00000,2.00000,12.03000,2.61037,103.00000,178.00000,46.00000,28.00000,0.00000
KKVVFWVKFK,10.00000,0.00000,0.00000,0.00000,0.00000,0.00000,0.00000,0.00000,0.00000,0.00000,0.00000,0.00000,4.00000,0.00000,2.00000,0.00000,0.00000,0.00000,1.00000,0.00000,3.00000,0.00000,0.00000,3.00000,3.00000,4.00000,4.00000,4.00000,0.00000,11.02000,3.60168,68.00000,105.00000,15.00000,11.00000,0.00000
KSKEKIGKEFKRIVQRIKDFLRNLVPRTES,30.00000,0.00000,4.00000,1.00000,1.00000,0.00000,1.00000,3.00000,1.00000,0.00000,3.00000,2.00000,6.00000,0.00000,2.00000,1.00000,2.00000,1.00000,0.00000,0.00000,2.00000,4.00000,4.00000,7.00000,2.00000,19.00000,14.00000,10.00000,4.00000,11.16000,5.59623,163.00000,280.00000,62.00000,44.00000,0.00000
KRIVQRIKDFLRNLVPRTES,20.00000,0.00000,4.00000,1.00000,1.00000,0.00000,1.00000,1.00000,0.00000,0.00000,2.00000,2.00000,2.00000,0.00000,1.00000,1.00000,1.00000,1.00000,0.00000,0.00000,2.00000,2.00000,2.00000,6.00000,1.00000,12.00000,8.00000,6.00000,2.00000,12.04000,3.60749,109.00000,190.00000,48.00000,29.00000,0.00000
KRIVQRIKDFLR,12.00000,0.00000,3.00000,0.00000,1.00000,0.00000,1.00000,0.00000,0.00000,0.00000,2.00000,1.00000,2.00000,0.00000,1.00000,0.00000,0.00000,0.00000,0.00000,0.00000,1.00000,0.00000,0.00000,4.00000,1.00000,7.00000,6.00000,5.00000,1.00000,12.21000,3.60741,71.00000,126.00000,33.00000,16.00000,0.00000
GIINTLQKYYCRVRGGRCAVLSCLPKEEQIGKCSTRGRKCCRRKK,45.00000,1.00000,7.00000,1.00000,0.00000,6.00000,2.00000,2.00000,5.00000,0.00000,3.00000,3.00000,6.00000,0.00000,0.00000,1.00000,2.00000,2.00000,0.00000,2.00000,2.00000,16.00000,16.00000,8.00000,2.00000,22.00000,15.00000,13.00000,2.00000,10.52000,8.20197,216.00000,377.00000,96.00000,59.00000,6.00000
GWKKWLRKGAKHLGQAAIK,19.00000,3.00000,1.00000,0.00000,0.00000,0.00000,1.00000,0.00000,3.00000,1.00000,1.00000,2.00000,5.00000,0.00000,0.00000,0.00000,0.00000,0.00000,2.00000,0.00000,0.00000,6.00000,6.00000,3.00000,3.00000,8.00000,7.00000,7.00000,0.00000,11.91000,5.60962,102.00000,166.00000,35.00000,21.00000,0.00000
FKCRRWQWRMKKLG,14.00000,0.00000,3.00000,0.00000,0.00000,1.00000,1.00000,0.00000,1.00000,0.00000,0.00000,1.00000,3.00000,1.00000,1.00000,0.00000,0.00000,0.00000,2.00000,0.00000,0.00000,2.00000,2.00000,1.00000,3.00000,7.00000,6.00000,6.00000,0.00000,12.22000,5.20661,88.00000,139.00000,38.00000,16.00000,2.00000
WKLLSKAQEKFGKNKSR,17.00000,1.00000,1.00000,1.00000,0.00000,0.00000,1.00000,1.00000,1.00000,0.00000,0.00000,2.00000,5.00000,0.00000,1.00000,0.00000,2.00000,0.00000,1.00000,0.00000,0.00000,4.00000,4.00000,2.00000,2.00000,11.00000,7.00000,6.00000,1.00000,11.13000,4.59889,93.00000,154.00000,31.00000,24.00000,0.00000
RKSYKCLHKRCR,12.00000,0.00000,3.00000,0.00000,0.00000,2.00000,0.00000,0.00000,0.00000,1.00000,0.00000,1.00000,3.00000,0.00000,0.00000,0.00000,1.00000,0.00000,0.00000,1.00000,0.00000,3.00000,3.00000,1.00000,2.00000,8.00000,7.00000,7.00000,0.00000,10.96000,4.81616,66.00000,116.00000,35.00000,15.00000,2.00000
KKHRKHRKHRKHGGSGGSKNLRRIIRKGIHIIKKYG,36.00000,0.00000,6.00000,1.00000,0.00000,0.00000,0.00000,0.00000,6.00000,5.00000,5.00000,1.00000,9.00000,0.00000,0.00000,0.00000,2.00000,0.00000,0.00000,1.00000,0.00000,8.00000,8.00000,6.00000,6.00000,23.00000,20.00000,20.00000,0.00000,12.80000,14.63788,187.00000,326.00000,92.00000,41.00000,0.00000
RKSYKALHKRAR,12.00000,2.00000,3.00000,0.00000,0.00000,0.00000,0.00000,0.00000,0.00000,1.00000,0.00000,1.00000,3.00000,0.00000,0.00000,0.00000,1.00000,0.00000,0.00000,1.00000,0.00000,3.00000,3.00000,1.00000,2.00000,8.00000,7.00000,7.00000,0.00000,12.23000,5.61185,66.00000,116.00000,35.00000,15.00000,0.00000
LAHQKPFIRKSYKCLHKRCR,20.00000,1.00000,3.00000,0.00000,0.00000,2.00000,1.00000,0.00000,0.00000,2.00000,1.00000,2.00000,4.00000,0.00000,1.00000,1.00000,1.00000,0.00000,0.00000,1.00000,0.00000,4.00000,4.00000,3.00000,4.00000,11.00000,9.00000,9.00000,0.00000,11.08000,5.82413,112.00000,186.00000,47.00000,24.00000,2.00000
GIGKFLHSAKKFGKAFVGEIMNS,23.00000,2.00000,0.00000,1.00000,0.00000,0.00000,0.00000,1.00000,4.00000,1.00000,2.00000,1.00000,4.00000,1.00000,3.00000,0.00000,2.00000,0.00000,0.00000,0.00000,1.00000,8.00000,8.00000,4.00000,4.00000,9.00000,6.00000,5.00000,1.00000,10.55000,2.61264,114.00000,180.00000,30.00000,29.00000,1.00000
KIFGAIWPLALGALKNLIK,19.00000,3.00000,0.00000,1.00000,0.00000,0.00000,0.00000,0.00000,2.00000,0.00000,3.00000,4.00000,3.00000,0.00000,1.00000,1.00000,0.00000,0.00000,1.00000,0.00000,0.00000,5.00000,5.00000,7.00000,2.00000,4.00000,3.00000,3.00000,0.00000,10.85000,2.60455,102.00000,168.00000,24.00000,21.00000,0.00000
FHFFHHFFHFFHHF,14.00000,0.00000,0.00000,0.00000,0.00000,0.00000,0.00000,0.00000,0.00000,6.00000,0.00000,0.00000,0.00000,0.00000,8.00000,0.00000,0.00000,0.00000,0.00000,0.00000,0.00000,0.00000,0.00000,0.00000,14.00000,6.00000,6.00000,6.00000,0.00000,7.55000,-0.32174,108.00000,116.00000,26.00000,15.00000,0.00000
SGSLSTFFRLFNRSFTQALGK,21.00000,1.00000,2.00000,1.00000,0.00000,0.00000,1.00000,0.00000,2.00000,0.00000,0.00000,3.00000,1.00000,0.00000,4.00000,0.00000,4.00000,2.00000,0.00000,0.00000,0.00000,9.00000,9.00000,3.00000,4.00000,11.00000,3.00000,3.00000,0.00000,12.49000,2.61024,108.00000,166.00000,36.00000,30.00000,0.00000
TFFRLFNRSFTQALGK,16.00000,1.00000,2.00000,1.00000,0.00000,0.00000,1.00000,0.00000,1.00000,0.00000,0.00000,2.00000,1.00000,0.00000,4.00000,0.00000,1.00000,2.00000,0.00000,0.00000,0.00000,5.00000,5.00000,2.00000,4.00000,8.00000,3.00000,3.00000,0.00000,12.49000,2.61024,91.00000,137.00000,31.00000,22.00000,0.00000
KNLRIIRKGIHIIKKY,16.00000,0.00000,2.00000,1.00000,0.00000,0.00000,0.00000,0.00000,1.00000,1.00000,5.00000,1.00000,4.00000,0.00000,0.00000,0.00000,0.00000,0.00000,0.00000,1.00000,0.00000,1.00000,1.00000,6.00000,2.00000,8.00000,7.00000,7.00000,0.00000,11.73000,5.60900,93.00000,165.00000,35.00000,19.00000,0.00000
TFFRLFNRSFTQALGKGGGKNLRIIRKGIHIIKKY,35.00000,1.00000,4.00000,2.00000,0.00000,0.00000,1.00000,0.00000,5.00000,1.00000,5.00000,3.00000,5.00000,0.00000,4.00000,0.00000,1.00000,2.00000,0.00000,1.00000,0.00000,9.00000,9.00000,8.00000,6.00000,16.00000,10.00000,10.00000,0.00000,12.51000,8.60606,190.00000,309.00000,69.00000,43.00000,0.00000
TFFRLFNRGGGKNLRIIRKGIHIIKKY,27.00000,0.00000,4.00000,2.00000,0.00000,0.00000,0.00000,0.00000,4.00000,1.00000,5.00000,2.00000,4.00000,0.00000,3.00000,0.00000,0.00000,1.00000,0.00000,1.00000,0.00000,5.00000,5.00000,7.00000,5.00000,12.00000,9.00000,9.00000,0.00000,12.51000,7.60894,152.00000,249.00000,59.00000,32.00000,0.00000
FKKFWKWFRRF,11.00000,0.00000,2.00000,0.00000,0.00000,0.00000,0.00000,0.00000,0.00000,0.00000,0.00000,0.00000,3.00000,0.00000,4.00000,0.00000,0.00000,0.00000,2.00000,0.00000,0.00000,0.00000,0.00000,0.00000,6.00000,5.00000,5.00000,5.00000,0.00000,12.51000,4.60449,88.00000,118.00000,28.00000,12.00000,0.00000
TRRRLFNRSFTQALGKSGGGFKKFWKWFRRF,31.00000,1.00000,6.00000,1.00000,0.00000,0.00000,1.00000,0.00000,4.00000,0.00000,0.00000,2.00000,4.00000,0.00000,6.00000,0.00000,2.00000,2.00000,2.00000,0.00000,0.00000,9.00000,9.00000,2.00000,8.00000,16.00000,10.00000,10.00000,0.00000,13.19000,9.60148,182.00000,273.00000,75.00000,38.00000,0.00000
TFFRLFNRSGGGFKKFWKWFRRF,23.00000,0.00000,4.00000,1.00000,0.00000,0.00000,0.00000,0.00000,3.00000,0.00000,0.00000,1.00000,3.00000,0.00000,7.00000,0.00000,1.00000,1.00000,2.00000,0.00000,0.00000,5.00000,5.00000,1.00000,9.00000,10.00000,7.00000,7.00000,0.00000,12.97000,6.60442,150.00000,207.00000,53.00000,27.00000,0.00000
ITSISLCTPGCKTGALMGCNMKTATCHCSIHVSK,34.00000,2.00000,0.00000,1.00000,0.00000,5.00000,0.00000,0.00000,3.00000,2.00000,3.00000,2.00000,3.00000,2.00000,0.00000,1.00000,4.00000,5.00000,0.00000,0.00000,1.00000,19.00000,19.00000,6.00000,2.00000,15.00000,5.00000,5.00000,0.00000,8.19000,0.63704,143.00000,246.00000,42.00000,45.00000,7.00000
ILPWKWPWWPWRR,13.00000,0.00000,2.00000,0.00000,0.00000,0.00000,0.00000,0.00000,0.00000,0.00000,1.00000,1.00000,1.00000,0.00000,0.00000,3.00000,0.00000,0.00000,5.00000,0.00000,0.00000,0.00000,0.00000,2.00000,5.00000,3.00000,3.00000,3.00000,0.00000,12.49000,2.61024,100.00000,131.00000,31.00000,14.00000,0.00000
KWKLFKKIGAVLKVL,15.00000,1.00000,0.00000,0.00000,0.00000,0.00000,0.00000,0.00000,1.00000,0.00000,1.00000,3.00000,5.00000,0.00000,1.00000,0.00000,0.00000,0.00000,1.00000,0.00000,2.00000,2.00000,2.00000,6.00000,2.00000,5.00000,5.00000,5.00000,0.00000,11.15000,4.59880,89.00000,151.00000,21.00000,16.00000,0.00000
KRFRIRVRVIRK,12.00000,0.00000,5.00000,0.00000,0.00000,0.00000,0.00000,0.00000,0.00000,0.00000,2.00000,0.00000,2.00000,0.00000,1.00000,0.00000,0.00000,0.00000,0.00000,0.00000,2.00000,0.00000,0.00000,4.00000,1.00000,7.00000,7.00000,7.00000,0.00000,13.09000,6.60726,73.00000,135.00000,44.00000,13.00000,0.00000
RLARIVVIRVAR,12.00000,2.00000,4.00000,0.00000,0.00000,0.00000,0.00000,0.00000,0.00000,0.00000,2.00000,1.00000,0.00000,0.00000,0.00000,0.00000,0.00000,0.00000,0.00000,0.00000,3.00000,2.00000,2.00000,6.00000,0.00000,4.00000,4.00000,4.00000,0.00000,12.96000,3.61305,63.00000,120.00000,36.00000,13.00000,0.00000
VQWRIRVRVIKK,12.00000,0.00000,3.00000,0.00000,0.00000,0.00000,1.00000,0.00000,0.00000,0.00000,2.00000,0.00000,2.00000,0.00000,0.00000,0.00000,0.00000,0.00000,1.00000,0.00000,3.00000,0.00000,0.00000,5.00000,1.00000,6.00000,5.00000,5.00000,0.00000,12.79000,4.60733,73.00000,129.00000,34.00000,14.00000,0.00000
KQFRIRVRV,9.00000,0.00000,3.00000,0.00000,0.00000,0.00000,1.00000,0.00000,0.00000,0.00000,1.00000,0.00000,1.00000,0.00000,1.00000,0.00000,0.00000,0.00000,0.00000,0.00000,2.00000,0.00000,0.00000,3.00000,1.00000,5.00000,4.00000,4.00000,0.00000,12.79000,3.61021,54.00000,96.00000,29.00000,11.00000,0.00000
VQFRIRVRIVIRK,13.00000,0.00000,4.00000,0.00000,0.00000,0.00000,1.00000,0.00000,0.00000,0.00000,3.00000,0.00000,1.00000,0.00000,1.00000,0.00000,0.00000,0.00000,0.00000,0.00000,3.00000,0.00000,0.00000,6.00000,1.00000,6.00000,5.00000,5.00000,0.00000,12.96000,4.61017,77.00000,139.00000,39.00000,15.00000,0.00000
KRFRIRVRV,9.00000,0.00000,4.00000,0.00000,0.00000,0.00000,0.00000,0.00000,0.00000,0.00000,1.00000,0.00000,1.00000,0.00000,1.00000,0.00000,0.00000,0.00000,0.00000,0.00000,2.00000,0.00000,0.00000,3.00000,1.00000,5.00000,5.00000,5.00000,0.00000,12.96000,4.61017,55.00000,100.00000,34.00000,10.00000,0.00000
VQLRIRVAVIRA,12.00000,2.00000,3.00000,0.00000,0.00000,0.00000,1.00000,0.00000,0.00000,0.00000,2.00000,1.00000,0.00000,0.00000,0.00000,0.00000,0.00000,0.00000,0.00000,0.00000,3.00000,2.00000,2.00000,6.00000,0.00000,4.00000,3.00000,3.00000,0.00000,12.79000,2.61308,62.00000,116.00000,31.00000,14.00000,0.00000
VQRWLIVWRIRK,12.00000,0.00000,3.00000,0.00000,0.00000,0.00000,1.00000,0.00000,0.00000,0.00000,2.00000,1.00000,1.00000,0.00000,0.00000,0.00000,0.00000,0.00000,2.00000,0.00000,2.00000,0.00000,0.00000,5.00000,2.00000,5.00000,4.00000,4.00000,0.00000,12.79000,3.61021,79.00000,129.00000,34.00000,14.00000,0.00000
IVWKIKRWWVGR,12.00000,0.00000,2.00000,0.00000,0.00000,0.00000,0.00000,0.00000,1.00000,0.00000,2.00000,0.00000,2.00000,0.00000,0.00000,0.00000,0.00000,0.00000,3.00000,0.00000,2.00000,1.00000,1.00000,4.00000,3.00000,4.00000,4.00000,4.00000,0.00000,12.50000,3.60736,81.00000,123.00000,29.00000,13.00000,0.00000
RFWKVRVKYIRF,12.00000,0.00000,3.00000,0.00000,0.00000,0.00000,0.00000,0.00000,0.00000,0.00000,1.00000,0.00000,2.00000,0.00000,2.00000,0.00000,0.00000,0.00000,1.00000,1.00000,2.00000,0.00000,0.00000,3.00000,4.00000,5.00000,5.00000,5.00000,0.00000,12.22000,4.60388,84.00000,128.00000,33.00000,14.00000,0.00000
RIKWIVRFR,9.00000,0.00000,3.00000,0.00000,0.00000,0.00000,0.00000,0.00000,0.00000,0.00000,2.00000,0.00000,1.00000,0.00000,1.00000,0.00000,0.00000,0.00000,1.00000,0.00000,1.00000,0.00000,0.00000,3.00000,2.00000,4.00000,4.00000,4.00000,0.00000,12.79000,3.61021,61.00000,100.00000,29.00000,10.00000,0.00000
VRLRIRVAVRRA,12.00000,2.00000,5.00000,0.00000,0.00000,0.00000,0.00000,0.00000,0.00000,0.00000,1.00000,1.00000,0.00000,0.00000,0.00000,0.00000,0.00000,0.00000,0.00000,0.00000,3.00000,2.00000,2.00000,5.00000,0.00000,5.00000,5.00000,5.00000,0.00000,13.09000,4.61302,63.00000,121.00000,42.00000,13.00000,0.00000
IRWRIRVWVRRI,12.00000,0.00000,5.00000,0.00000,0.00000,0.00000,0.00000,0.00000,0.00000,0.00000,3.00000,0.00000,0.00000,0.00000,0.00000,0.00000,0.00000,0.00000,2.00000,0.00000,2.00000,0.00000,0.00000,5.00000,2.00000,5.00000,5.00000,5.00000,0.00000,13.09000,4.61302,80.00000,133.00000,44.00000,13.00000,0.00000
RRWVVWRIVQRR,12.00000,0.00000,5.00000,0.00000,0.00000,0.00000,1.00000,0.00000,0.00000,0.00000,1.00000,0.00000,0.00000,0.00000,0.00000,0.00000,0.00000,0.00000,2.00000,0.00000,3.00000,0.00000,0.00000,4.00000,2.00000,6.00000,5.00000,5.00000,0.00000,13.09000,4.61302,78.00000,128.00000,45.00000,14.00000,0.00000
IFWRRIVIVKKF,12.00000,0.00000,2.00000,0.00000,0.00000,0.00000,0.00000,0.00000,0.00000,0.00000,3.00000,0.00000,2.00000,0.00000,2.00000,0.00000,0.00000,0.00000,1.00000,0.00000,2.00000,0.00000,0.00000,5.00000,3.00000,4.00000,4.00000,4.00000,0.00000,12.50000,3.60736,81.00000,129.00000,27.00000,13.00000,0.00000
VRLRIRVA,8.00000,1.00000,3.00000,0.00000,0.00000,0.00000,0.00000,0.00000,0.00000,0.00000,1.00000,1.00000,0.00000,0.00000,0.00000,0.00000,0.00000,0.00000,0.00000,0.00000,2.00000,1.00000,1.00000,4.00000,0.00000,3.00000,3.00000,3.00000,0.00000,12.79000,2.61308,43.00000,83.00000,26.00000,9.00000,0.00000
LRIRWIFKR,9.00000,0.00000,3.00000,0.00000,0.00000,0.00000,0.00000,0.00000,0.00000,0.00000,2.00000,1.00000,1.00000,0.00000,1.00000,0.00000,0.00000,0.00000,1.00000,0.00000,0.00000,0.00000,0.00000,3.00000,2.00000,4.00000,4.00000,4.00000,0.00000,12.79000,3.61021,62.00000,102.00000,29.00000,10.00000,0.00000
VRLRIRVAVIRK,12.00000,1.00000,4.00000,0.00000,0.00000,0.00000,0.00000,0.00000,0.00000,0.00000,2.00000,1.00000,1.00000,0.00000,0.00000,0.00000,0.00000,0.00000,0.00000,0.00000,3.00000,1.00000,1.00000,6.00000,0.00000,5.00000,5.00000,5.00000,0.00000,12.96000,4.61017,66.00000,127.00000,37.00000,13.00000,0.00000
VRLRIRWWVLRK,12.00000,0.00000,4.00000,0.00000,0.00000,0.00000,0.00000,0.00000,0.00000,0.00000,1.00000,2.00000,1.00000,0.00000,0.00000,0.00000,0.00000,0.00000,2.00000,0.00000,2.00000,0.00000,0.00000,5.00000,2.00000,5.00000,5.00000,5.00000,0.00000,12.96000,4.61017,80.00000,133.00000,39.00000,13.00000,0.00000
KRFRIRVAVRRA,12.00000,2.00000,5.00000,0.00000,0.00000,0.00000,0.00000,0.00000,0.00000,0.00000,1.00000,0.00000,1.00000,0.00000,1.00000,0.00000,0.00000,0.00000,0.00000,0.00000,2.00000,2.00000,2.00000,3.00000,1.00000,6.00000,6.00000,6.00000,0.00000,13.09000,5.61014,67.00000,122.00000,43.00000,13.00000,0.00000
KRWRWIVRNIRR,12.00000,0.00000,5.00000,1.00000,0.00000,0.00000,0.00000,0.00000,0.00000,0.00000,2.00000,0.00000,1.00000,0.00000,0.00000,0.00000,0.00000,0.00000,2.00000,0.00000,1.00000,0.00000,0.00000,3.00000,2.00000,7.00000,6.00000,6.00000,0.00000,13.09000,5.61014,79.00000,131.00000,46.00000,14.00000,0.00000
WRWRVRVWR,9.00000,0.00000,4.00000,0.00000,0.00000,0.00000,0.00000,0.00000,0.00000,0.00000,0.00000,0.00000,0.00000,0.00000,0.00000,0.00000,0.00000,0.00000,3.00000,0.00000,2.00000,0.00000,0.00000,2.00000,3.00000,4.00000,4.00000,4.00000,0.00000,12.96000,3.61305,67.00000,98.00000,36.00000,10.00000,0.00000
TFFRLFNRGGGWGSFFKKAAHVGKL,25.00000,2.00000,2.00000,1.00000,0.00000,0.00000,0.00000,0.00000,5.00000,1.00000,0.00000,2.00000,3.00000,0.00000,5.00000,0.00000,1.00000,1.00000,1.00000,0.00000,1.00000,9.00000,9.00000,3.00000,7.00000,9.00000,6.00000,6.00000,0.00000,12.51000,4.61533,136.00000,198.00000,44.00000,29.00000,0.00000
RIWVIWRR,8.00000,0.00000,3.00000,0.00000,0.00000,0.00000,0.00000,0.00000,0.00000,0.00000,2.00000,0.00000,0.00000,0.00000,0.00000,0.00000,0.00000,0.00000,2.00000,0.00000,1.00000,0.00000,0.00000,3.00000,2.00000,3.00000,3.00000,3.00000,0.00000,12.79000,2.61308,57.00000,89.00000,28.00000,9.00000,0.00000
FLGALFKALSKLL,13.00000,2.00000,0.00000,0.00000,0.00000,0.00000,0.00000,0.00000,1.00000,0.00000,0.00000,5.00000,2.00000,0.00000,2.00000,0.00000,1.00000,0.00000,0.00000,0.00000,0.00000,4.00000,4.00000,5.00000,2.00000,3.00000,2.00000,2.00000,0.00000,10.55000,1.60743,71.00000,117.00000,15.00000,15.00000,0.00000
HLGHHALDHLLK,12.00000,1.00000,0.00000,0.00000,1.00000,0.00000,0.00000,0.00000,1.00000,4.00000,0.00000,4.00000,1.00000,0.00000,0.00000,0.00000,0.00000,0.00000,0.00000,0.00000,0.00000,2.00000,2.00000,4.00000,4.00000,6.00000,6.00000,5.00000,1.00000,7.45000,-0.34623,63.00000,99.00000,21.00000,15.00000,0.00000
GIFSKLAGKKIKNLLISGLKG,21.00000,1.00000,0.00000,1.00000,0.00000,0.00000,0.00000,0.00000,4.00000,0.00000,3.00000,4.00000,5.00000,0.00000,1.00000,0.00000,2.00000,0.00000,0.00000,0.00000,0.00000,7.00000,7.00000,7.00000,1.00000,8.00000,5.00000,5.00000,0.00000,11.15000,4.59880,102.00000,181.00000,27.00000,25.00000,0.00000
LMCTHPLDCSN,11.00000,0.00000,0.00000,1.00000,1.00000,2.00000,0.00000,0.00000,0.00000,1.00000,0.00000,2.00000,0.00000,1.00000,0.00000,1.00000,1.00000,1.00000,0.00000,0.00000,0.00000,4.00000,4.00000,2.00000,1.00000,5.00000,2.00000,1.00000,1.00000,5.08000,-2.17158,49.00000,80.00000,14.00000,17.00000,3.00000
VTCDVLSFEAKGIAVNH,17.00000,2.00000,0.00000,1.00000,1.00000,1.00000,0.00000,1.00000,1.00000,1.00000,1.00000,1.00000,1.00000,0.00000,1.00000,0.00000,1.00000,1.00000,0.00000,0.00000,3.00000,6.00000,6.00000,5.00000,2.00000,7.00000,4.00000,2.00000,2.00000,5.23000,-1.77649,79.00000,127.00000,21.00000,25.00000,1.00000
DSHAKRHHGYKRKFHEKHHSHRGY,24.00000,1.00000,3.00000,0.00000,1.00000,0.00000,0.00000,1.00000,2.00000,7.00000,0.00000,0.00000,4.00000,0.00000,1.00000,0.00000,2.00000,0.00000,0.00000,2.00000,0.00000,5.00000,5.00000,0.00000,10.00000,18.00000,16.00000,14.00000,2.00000,10.80000,4.67079,133.00000,195.00000,60.00000,33.00000,0.00000
AKRHHGYKRKFHGGG,15.00000,1.00000,2.00000,0.00000,0.00000,0.00000,0.00000,0.00000,4.00000,3.00000,0.00000,0.00000,3.00000,0.00000,1.00000,0.00000,0.00000,0.00000,0.00000,1.00000,0.00000,5.00000,5.00000,0.00000,5.00000,8.00000,8.00000,8.00000,0.00000,11.67000,4.63357,77.00000,118.00000,36.00000,17.00000,0.00000
KKKKKKAAFAAWAAFAA,17.00000,8.00000,0.00000,0.00000,0.00000,0.00000,0.00000,0.00000,0.00000,0.00000,0.00000,0.00000,6.00000,0.00000,2.00000,0.00000,0.00000,0.00000,1.00000,0.00000,0.00000,8.00000,8.00000,0.00000,3.00000,6.00000,6.00000,6.00000,0.00000,11.24000,5.59593,89.00000,142.00000,24.00000,18.00000,0.00000
KKKKKKKKKKAAFAAWAAFAA,21.00000,8.00000,0.00000,0.00000,0.00000,0.00000,0.00000,0.00000,0.00000,0.00000,0.00000,0.00000,10.00000,0.00000,2.00000,0.00000,0.00000,0.00000,1.00000,0.00000,0.00000,8.00000,8.00000,0.00000,3.00000,10.00000,10.00000,10.00000,0.00000,11.50000,9.58442,113.00000,190.00000,32.00000,22.00000,0.00000
FFGWLIKGAIHAGKAIHGLIHRRRH,25.00000,3.00000,3.00000,0.00000,0.00000,0.00000,0.00000,0.00000,4.00000,4.00000,4.00000,2.00000,2.00000,0.00000,2.00000,0.00000,0.00000,0.00000,1.00000,0.00000,0.00000,7.00000,7.00000,6.00000,7.00000,9.00000,9.00000,9.00000,0.00000,12.79000,4.65071,136.00000,211.00000,54.00000,26.00000,0.00000
RWKRWWRRKK,10.00000,0.00000,4.00000,0.00000,0.00000,0.00000,0.00000,0.00000,0.00000,0.00000,0.00000,0.00000,3.00000,0.00000,0.00000,0.00000,0.00000,0.00000,3.00000,0.00000,0.00000,0.00000,0.00000,0.00000,3.00000,7.00000,7.00000,7.00000,0.00000,12.97000,6.60442,75.00000,116.00000,40.00000,11.00000,0.00000
RKKRWWRRKK,10.00000,0.00000,4.00000,0.00000,0.00000,0.00000,0.00000,0.00000,0.00000,0.00000,0.00000,0.00000,4.00000,0.00000,0.00000,0.00000,0.00000,0.00000,2.00000,0.00000,0.00000,0.00000,0.00000,0.00000,2.00000,8.00000,8.00000,8.00000,0.00000,12.97000,7.60155,70.00000,118.00000,40.00000,11.00000,0.00000
IRIKIRIK,8.00000,0.00000,2.00000,0.00000,0.00000,0.00000,0.00000,0.00000,0.00000,0.00000,4.00000,0.00000,2.00000,0.00000,0.00000,0.00000,0.00000,0.00000,0.00000,0.00000,0.00000,0.00000,0.00000,4.00000,0.00000,4.00000,4.00000,4.00000,0.00000,12.50000,3.60736,48.00000,94.00000,22.00000,9.00000,0.00000
IRVKIRVKIRVK,12.00000,0.00000,3.00000,0.00000,0.00000,0.00000,0.00000,0.00000,0.00000,0.00000,3.00000,0.00000,3.00000,0.00000,0.00000,0.00000,0.00000,0.00000,0.00000,0.00000,3.00000,0.00000,0.00000,6.00000,0.00000,6.00000,6.00000,6.00000,0.00000,12.80000,5.60445,69.00000,134.00000,33.00000,13.00000,0.00000
RGGRLCYCRRRFCVCVGR,18.00000,0.00000,6.00000,0.00000,0.00000,4.00000,0.00000,0.00000,3.00000,0.00000,0.00000,1.00000,0.00000,0.00000,1.00000,0.00000,0.00000,0.00000,0.00000,1.00000,2.00000,7.00000,7.00000,3.00000,2.00000,6.00000,6.00000,6.00000,0.00000,11.05000,4.01816,88.00000,150.00000,54.00000,20.00000,4.00000
DCYCRIPACIAGERRYGTCIYQGRLWAFCC,30.00000,3.00000,4.00000,0.00000,1.00000,6.00000,1.00000,1.00000,3.00000,0.00000,3.00000,1.00000,0.00000,0.00000,1.00000,1.00000,0.00000,1.00000,1.00000,3.00000,0.00000,13.00000,13.00000,4.00000,5.00000,8.00000,6.00000,4.00000,2.00000,7.79000,-0.78417,151.00000,228.00000,56.00000,40.00000,6.00000
DHYNCVSSGGQCLYSACPIFTKIQGTCYRGKAKCCK,36.00000,2.00000,1.00000,1.00000,1.00000,6.00000,2.00000,0.00000,4.00000,1.00000,2.00000,1.00000,4.00000,0.00000,1.00000,1.00000,3.00000,2.00000,0.00000,3.00000,1.00000,17.00000,17.00000,4.00000,5.00000,15.00000,7.00000,6.00000,1.00000,8.30000,1.21515,167.00000,262.00000,51.00000,50.00000,6.00000
GIGKFLHSAGKFGKAFVGEIMKS,23.00000,2.00000,0.00000,0.00000,0.00000,0.00000,0.00000,1.00000,5.00000,1.00000,2.00000,1.00000,4.00000,1.00000,3.00000,0.00000,2.00000,0.00000,0.00000,0.00000,1.00000,9.00000,9.00000,4.00000,4.00000,8.00000,6.00000,5.00000,1.00000,10.55000,2.61264,112.00000,177.00000,29.00000,28.00000,1.00000
YSPWTNF,7.00000,0.00000,0.00000,1.00000,0.00000,0.00000,0.00000,0.00000,0.00000,0.00000,0.00000,0.00000,0.00000,0.00000,1.00000,1.00000,1.00000,1.00000,1.00000,1.00000,0.00000,2.00000,2.00000,0.00000,3.00000,3.00000,0.00000,0.00000,0.00000,5.93000,-0.39027,45.00000,55.00000,9.00000,12.00000,0.00000
KWCFRVCYRGICYRKCR,17.00000,0.00000,4.00000,0.00000,0.00000,4.00000,0.00000,0.00000,1.00000,0.00000,1.00000,0.00000,2.00000,0.00000,1.00000,0.00000,0.00000,0.00000,1.00000,2.00000,1.00000,5.00000,5.00000,2.00000,4.00000,6.00000,6.00000,6.00000,0.00000,10.06000,4.00902,99.00000,154.00000,44.00000,20.00000,4.00000
RWRWRWF,7.00000,0.00000,3.00000,0.00000,0.00000,0.00000,0.00000,0.00000,0.00000,0.00000,0.00000,0.00000,0.00000,0.00000,1.00000,0.00000,0.00000,0.00000,3.00000,0.00000,0.00000,0.00000,0.00000,0.00000,4.00000,3.00000,3.00000,3.00000,0.00000,12.79000,2.61308,60.00000,77.00000,28.00000,8.00000,0.00000
FIKHFIHRFGGGRWRWRWF,19.00000,0.00000,4.00000,0.00000,0.00000,0.00000,0.00000,0.00000,3.00000,2.00000,2.00000,0.00000,1.00000,0.00000,4.00000,0.00000,0.00000,0.00000,3.00000,0.00000,0.00000,3.00000,3.00000,2.00000,9.00000,7.00000,7.00000,7.00000,0.00000,12.96000,4.63187,129.00000,173.00000,51.00000,20.00000,0.00000
FIKHFIHRFSATRWRWRWF,19.00000,1.00000,4.00000,0.00000,0.00000,0.00000,0.00000,0.00000,0.00000,2.00000,2.00000,0.00000,1.00000,0.00000,4.00000,0.00000,1.00000,1.00000,3.00000,0.00000,0.00000,3.00000,3.00000,2.00000,9.00000,9.00000,7.00000,7.00000,0.00000,12.96000,4.63187,133.00000,181.00000,51.00000,22.00000,0.00000
FIKHFIHRFGGGFKKFWKWFRRF,23.00000,0.00000,3.00000,0.00000,0.00000,0.00000,0.00000,0.00000,3.00000,2.00000,2.00000,0.00000,4.00000,0.00000,7.00000,0.00000,0.00000,0.00000,2.00000,0.00000,0.00000,3.00000,3.00000,2.00000,11.00000,9.00000,9.00000,9.00000,0.00000,12.80000,6.62327,157.00000,214.00000,51.00000,24.00000,0.00000
FLSLIPHIVSGVASIAKHF,19.00000,2.00000,0.00000,0.00000,0.00000,0.00000,0.00000,0.00000,1.00000,2.00000,3.00000,2.00000,1.00000,0.00000,2.00000,1.00000,3.00000,0.00000,0.00000,0.00000,2.00000,6.00000,6.00000,7.00000,4.00000,6.00000,3.00000,3.00000,0.00000,9.38000,0.63200,98.00000,154.00000,24.00000,23.00000,0.00000
GKIIKLKASLKLL,13.00000,1.00000,0.00000,0.00000,0.00000,0.00000,0.00000,0.00000,1.00000,0.00000,2.00000,4.00000,4.00000,0.00000,0.00000,0.00000,1.00000,0.00000,0.00000,0.00000,0.00000,3.00000,3.00000,6.00000,0.00000,5.00000,4.00000,4.00000,0.00000,11.02000,3.60168,68.00000,129.00000,17.00000,15.00000,0.00000
GQIINLK,7.00000,0.00000,0.00000,1.00000,0.00000,0.00000,1.00000,0.00000,1.00000,0.00000,2.00000,1.00000,1.00000,0.00000,0.00000,0.00000,0.00000,0.00000,0.00000,0.00000,0.00000,1.00000,1.00000,3.00000,0.00000,3.00000,1.00000,1.00000,0.00000,9.38000,0.61031,35.00000,64.00000,10.00000,10.00000,0.00000
RWRWRW,6.00000,0.00000,3.00000,0.00000,0.00000,0.00000,0.00000,0.00000,0.00000,0.00000,0.00000,0.00000,0.00000,0.00000,0.00000,0.00000,0.00000,0.00000,3.00000,0.00000,0.00000,0.00000,0.00000,0.00000,3.00000,3.00000,3.00000,3.00000,0.00000,12.79000,2.61308,51.00000,68.00000,27.00000,7.00000,0.00000
RWRWRWRW,8.00000,0.00000,4.00000,0.00000,0.00000,0.00000,0.00000,0.00000,0.00000,0.00000,0.00000,0.00000,0.00000,0.00000,0.00000,0.00000,0.00000,0.00000,4.00000,0.00000,0.00000,0.00000,0.00000,0.00000,4.00000,4.00000,4.00000,4.00000,0.00000,12.96000,3.61305,68.00000,90.00000,36.00000,9.00000,0.00000
VNWKKILGKIIKVVK,15.00000,0.00000,0.00000,1.00000,0.00000,0.00000,0.00000,0.00000,1.00000,0.00000,3.00000,1.00000,5.00000,0.00000,0.00000,0.00000,0.00000,0.00000,1.00000,0.00000,3.00000,1.00000,1.00000,7.00000,1.00000,6.00000,5.00000,5.00000,0.00000,11.15000,4.59880,86.00000,152.00000,22.00000,17.00000,0.00000
GIGAVLKVLTTGLPALISWIKRKRQQ,26.00000,2.00000,2.00000,0.00000,0.00000,0.00000,2.00000,0.00000,3.00000,0.00000,3.00000,4.00000,3.00000,0.00000,0.00000,1.00000,1.00000,2.00000,1.00000,0.00000,2.00000,8.00000,8.00000,9.00000,1.00000,10.00000,5.00000,5.00000,0.00000,12.51000,4.60449,131.00000,228.00000,44.00000,32.00000,0.00000
TLISWIKNKRKQRPRVSRRRRRRGGRRRR,29.00000,0.00000,13.00000,1.00000,0.00000,0.00000,1.00000,0.00000,2.00000,0.00000,2.00000,1.00000,3.00000,0.00000,0.00000,1.00000,2.00000,1.00000,1.00000,0.00000,1.00000,5.00000,5.00000,4.00000,1.00000,21.00000,16.00000,16.00000,0.00000,13.57000,15.60412,158.00000,290.00000,113.00000,35.00000,0.00000
TLISWIKNKRKQRPRVSRRRRRRGGRRRRC,30.00000,0.00000,13.00000,1.00000,0.00000,1.00000,1.00000,0.00000,2.00000,0.00000,2.00000,1.00000,3.00000,0.00000,0.00000,1.00000,2.00000,1.00000,1.00000,0.00000,1.00000,6.00000,6.00000,4.00000,1.00000,21.00000,16.00000,16.00000,0.00000,13.23000,15.20628,161.00000,295.00000,114.00000,36.00000,1.00000
TLISWIKNKRKQCRPRVSRRRRRRGGRRRR,30.00000,0.00000,13.00000,1.00000,0.00000,1.00000,1.00000,0.00000,2.00000,0.00000,2.00000,1.00000,3.00000,0.00000,0.00000,1.00000,2.00000,1.00000,1.00000,0.00000,1.00000,6.00000,6.00000,4.00000,1.00000,21.00000,16.00000,16.00000,0.00000,13.23000,15.20628,161.00000,295.00000,114.00000,36.00000,1.00000
LWKTLLKKVLKAAA,14.00000,3.00000,0.00000,0.00000,0.00000,0.00000,0.00000,0.00000,0.00000,0.00000,0.00000,4.00000,4.00000,0.00000,0.00000,0.00000,0.00000,1.00000,1.00000,0.00000,1.00000,4.00000,4.00000,5.00000,1.00000,5.00000,4.00000,4.00000,0.00000,11.02000,3.60168,77.00000,135.00000,19.00000,16.00000,0.00000
NEEGFFSARGHRPLDGGGKKKKKK,24.00000,1.00000,2.00000,1.00000,1.00000,0.00000,0.00000,2.00000,5.00000,1.00000,0.00000,1.00000,6.00000,0.00000,2.00000,1.00000,1.00000,0.00000,0.00000,0.00000,0.00000,7.00000,7.00000,1.00000,3.00000,14.00000,12.00000,9.00000,3.00000,10.83000,4.60702,117.00000,191.00000,45.00000,33.00000,0.00000
ICIFCCGCCHRSKCGMCCKT,20.00000,0.00000,1.00000,0.00000,0.00000,8.00000,0.00000,0.00000,2.00000,1.00000,2.00000,0.00000,2.00000,1.00000,1.00000,0.00000,1.00000,1.00000,0.00000,0.00000,0.00000,12.00000,12.00000,2.00000,2.00000,6.00000,4.00000,4.00000,0.00000,7.89000,-0.56449,85.00000,143.00000,30.00000,23.00000,9.00000
KRFKKFFKKLKNSVKKRAKKFFKKPKVIGVTFPF,34.00000,1.00000,2.00000,1.00000,0.00000,0.00000,0.00000,0.00000,1.00000,0.00000,1.00000,1.00000,13.00000,0.00000,7.00000,2.00000,1.00000,1.00000,0.00000,0.00000,3.00000,4.00000,4.00000,5.00000,7.00000,18.00000,15.00000,15.00000,0.00000,12.59000,14.57573,206.00000,334.00000,60.00000,38.00000,0.00000
KRFKKFFKKLKNSVKKRFKKFFKKLKVIGVTFPF,34.00000,0.00000,2.00000,1.00000,0.00000,0.00000,0.00000,0.00000,1.00000,0.00000,1.00000,2.00000,13.00000,0.00000,8.00000,1.00000,1.00000,1.00000,0.00000,0.00000,3.00000,3.00000,3.00000,6.00000,8.00000,18.00000,15.00000,15.00000,0.00000,12.59000,14.57573,213.00000,342.00000,60.00000,38.00000,0.00000
FKCRRWQWRMKKLGAPSITCVRRAF,25.00000,2.00000,5.00000,0.00000,0.00000,2.00000,1.00000,0.00000,1.00000,0.00000,1.00000,1.00000,3.00000,1.00000,2.00000,1.00000,1.00000,1.00000,2.00000,0.00000,1.00000,7.00000,7.00000,3.00000,4.00000,11.00000,8.00000,8.00000,0.00000,12.33000,6.80870,141.00000,226.00000,61.00000,29.00000,3.00000
GLKLRFEFSKIKGEFLKTPEVRFRDIKLKDNRISVQR,37.00000,0.00000,5.00000,1.00000,2.00000,0.00000,1.00000,3.00000,2.00000,0.00000,3.00000,4.00000,6.00000,0.00000,4.00000,1.00000,2.00000,1.00000,0.00000,0.00000,2.00000,5.00000,5.00000,9.00000,4.00000,21.00000,16.00000,11.00000,5.00000,11.14000,5.59627,205.00000,340.00000,75.00000,53.00000,0.00000
GLFDVIKKVASVIGGL,16.00000,1.00000,0.00000,0.00000,1.00000,0.00000,0.00000,0.00000,3.00000,0.00000,2.00000,2.00000,2.00000,0.00000,1.00000,0.00000,1.00000,0.00000,0.00000,0.00000,3.00000,5.00000,5.00000,7.00000,1.00000,4.00000,3.00000,2.00000,1.00000,9.21000,0.60751,76.00000,130.00000,18.00000,20.00000,0.00000
RFRRLFRIRVRVLKKI,16.00000,0.00000,6.00000,0.00000,0.00000,0.00000,0.00000,0.00000,0.00000,0.00000,2.00000,2.00000,2.00000,0.00000,2.00000,0.00000,0.00000,0.00000,0.00000,0.00000,2.00000,0.00000,0.00000,6.00000,2.00000,8.00000,8.00000,8.00000,0.00000,13.19000,7.60723,100.00000,178.00000,54.00000,17.00000,0.00000
FRIRVRV,7.00000,0.00000,3.00000,0.00000,0.00000,0.00000,0.00000,0.00000,0.00000,0.00000,1.00000,0.00000,0.00000,0.00000,1.00000,0.00000,0.00000,0.00000,0.00000,0.00000,2.00000,0.00000,0.00000,3.00000,1.00000,3.00000,3.00000,3.00000,0.00000,12.79000,2.61308,43.00000,76.00000,25.00000,8.00000,0.00000
KWFWKFVKFVK,11.00000,0.00000,0.00000,0.00000,0.00000,0.00000,0.00000,0.00000,0.00000,0.00000,0.00000,0.00000,4.00000,0.00000,3.00000,0.00000,0.00000,0.00000,2.00000,0.00000,2.00000,0.00000,0.00000,2.00000,5.00000,4.00000,4.00000,4.00000,0.00000,11.02000,3.60168,83.00000,115.00000,17.00000,12.00000,0.00000
IKKILSKIKKLLK,13.00000,0.00000,0.00000,0.00000,0.00000,0.00000,0.00000,0.00000,0.00000,0.00000,3.00000,3.00000,6.00000,0.00000,0.00000,0.00000,1.00000,0.00000,0.00000,0.00000,0.00000,1.00000,1.00000,6.00000,0.00000,7.00000,6.00000,6.00000,0.00000,11.24000,5.59593,75.00000,145.00000,19.00000,15.00000,0.00000
GRRRRSVQWCA,11.00000,1.00000,4.00000,0.00000,0.00000,1.00000,1.00000,0.00000,1.00000,0.00000,0.00000,0.00000,0.00000,0.00000,0.00000,0.00000,1.00000,0.00000,1.00000,0.00000,1.00000,4.00000,4.00000,1.00000,1.00000,6.00000,4.00000,4.00000,0.00000,12.49000,3.21521,56.00000,95.00000,37.00000,14.00000,1.00000
YAPWTNF,7.00000,1.00000,0.00000,1.00000,0.00000,0.00000,0.00000,0.00000,0.00000,0.00000,0.00000,0.00000,0.00000,0.00000,1.00000,1.00000,0.00000,1.00000,1.00000,1.00000,0.00000,2.00000,2.00000,0.00000,3.00000,2.00000,0.00000,0.00000,0.00000,5.93000,-0.39027,45.00000,55.00000,9.00000,11.00000,0.00000
KRWWKWWRRC,10.00000,0.00000,3.00000,0.00000,0.00000,1.00000,0.00000,0.00000,0.00000,0.00000,0.00000,0.00000,2.00000,0.00000,0.00000,0.00000,0.00000,0.00000,4.00000,0.00000,0.00000,1.00000,1.00000,0.00000,4.00000,5.00000,5.00000,5.00000,0.00000,12.21000,4.20949,77.00000,107.00000,34.00000,11.00000,1.00000
IRWRIRVWVRRIC,13.00000,0.00000,5.00000,0.00000,0.00000,1.00000,0.00000,0.00000,0.00000,0.00000,3.00000,0.00000,0.00000,0.00000,0.00000,0.00000,0.00000,0.00000,2.00000,0.00000,2.00000,1.00000,1.00000,5.00000,2.00000,5.00000,5.00000,5.00000,0.00000,12.66000,4.21517,83.00000,138.00000,45.00000,14.00000,1.00000
KRWRIRVRVIRKC,13.00000,0.00000,5.00000,0.00000,0.00000,1.00000,0.00000,0.00000,0.00000,0.00000,2.00000,0.00000,2.00000,0.00000,0.00000,0.00000,0.00000,0.00000,1.00000,0.00000,2.00000,1.00000,1.00000,4.00000,1.00000,7.00000,7.00000,7.00000,0.00000,12.67000,6.20942,78.00000,141.00000,46.00000,14.00000,1.00000
WIVVIWRRKRRRC,13.00000,0.00000,5.00000,0.00000,0.00000,1.00000,0.00000,0.00000,0.00000,0.00000,2.00000,0.00000,1.00000,0.00000,0.00000,0.00000,0.00000,0.00000,2.00000,0.00000,2.00000,1.00000,1.00000,4.00000,2.00000,6.00000,6.00000,6.00000,0.00000,12.66000,5.21230,83.00000,139.00000,46.00000,14.00000,1.00000
YAPWTNA,7.00000,2.00000,0.00000,1.00000,0.00000,0.00000,0.00000,0.00000,0.00000,0.00000,0.00000,0.00000,0.00000,0.00000,0.00000,1.00000,0.00000,1.00000,1.00000,1.00000,0.00000,3.00000,3.00000,0.00000,2.00000,2.00000,0.00000,0.00000,0.00000,5.93000,-0.39027,39.00000,51.00000,9.00000,11.00000,0.00000
RILSILRHQNLLKELQDLAL,20.00000,1.00000,2.00000,1.00000,1.00000,0.00000,2.00000,1.00000,0.00000,1.00000,2.00000,7.00000,1.00000,0.00000,0.00000,0.00000,1.00000,0.00000,0.00000,0.00000,0.00000,2.00000,2.00000,9.00000,1.00000,10.00000,6.00000,4.00000,2.00000,9.37000,0.62128,107.00000,188.00000,38.00000,29.00000,0.00000
KWKVFKKIEKMGRNIRNGIVKAGPAIAVLGEAKAL,35.00000,5.00000,2.00000,2.00000,0.00000,0.00000,0.00000,2.00000,4.00000,0.00000,4.00000,2.00000,7.00000,1.00000,1.00000,1.00000,0.00000,0.00000,1.00000,0.00000,3.00000,9.00000,9.00000,9.00000,2.00000,13.00000,11.00000,9.00000,2.00000,11.27000,6.59322,176.00000,301.00000,57.00000,42.00000,1.00000
GIGLFLHSAGLFGLAFVGEIMKS,23.00000,2.00000,0.00000,0.00000,0.00000,0.00000,0.00000,1.00000,5.00000,1.00000,2.00000,4.00000,1.00000,1.00000,3.00000,0.00000,2.00000,0.00000,0.00000,0.00000,1.00000,9.00000,9.00000,7.00000,4.00000,5.00000,3.00000,2.00000,1.00000,7.13000,-0.37873,112.00000,174.00000,26.00000,28.00000,1.00000
GRWKRWRKKWKKLWKKLS,18.00000,0.00000,3.00000,0.00000,0.00000,0.00000,0.00000,0.00000,1.00000,0.00000,0.00000,2.00000,7.00000,0.00000,0.00000,0.00000,1.00000,0.00000,4.00000,0.00000,0.00000,2.00000,2.00000,2.00000,4.00000,11.00000,10.00000,10.00000,0.00000,12.81000,9.59295,121.00000,192.00000,47.00000,20.00000,0.00000
RLCRIVVIRVCR,12.00000,0.00000,4.00000,0.00000,0.00000,2.00000,0.00000,0.00000,0.00000,0.00000,2.00000,1.00000,0.00000,0.00000,0.00000,0.00000,0.00000,0.00000,0.00000,0.00000,3.00000,2.00000,2.00000,6.00000,0.00000,4.00000,4.00000,4.00000,0.00000,12.01000,2.81737,63.00000,120.00000,36.00000,13.00000,2.00000
KWKLFKKIGIGKFLHSAKKF,20.00000,1.00000,0.00000,0.00000,0.00000,0.00000,0.00000,0.00000,2.00000,1.00000,2.00000,2.00000,7.00000,0.00000,3.00000,0.00000,1.00000,0.00000,1.00000,0.00000,0.00000,4.00000,4.00000,4.00000,5.00000,9.00000,8.00000,8.00000,0.00000,11.32000,6.60390,120.00000,190.00000,30.00000,22.00000,0.00000
RPAFRKAAFRVMRACV,16.00000,4.00000,4.00000,0.00000,0.00000,1.00000,0.00000,0.00000,0.00000,0.00000,0.00000,0.00000,1.00000,1.00000,2.00000,1.00000,0.00000,0.00000,0.00000,0.00000,2.00000,5.00000,5.00000,2.00000,2.00000,5.00000,5.00000,5.00000,0.00000,12.49000,4.21233,83.00000,139.00000,41.00000,17.00000,2.00000
KRLFKKLLFSLRKY,14.00000,0.00000,2.00000,0.00000,0.00000,0.00000,0.00000,0.00000,0.00000,0.00000,0.00000,4.00000,4.00000,0.00000,2.00000,0.00000,1.00000,0.00000,0.00000,1.00000,0.00000,1.00000,1.00000,4.00000,3.00000,7.00000,6.00000,6.00000,0.00000,11.73000,5.59816,90.00000,150.00000,30.00000,17.00000,0.00000
LLLFLLKKRKKRKY,14.00000,0.00000,2.00000,0.00000,0.00000,0.00000,0.00000,0.00000,0.00000,0.00000,0.00000,5.00000,5.00000,0.00000,1.00000,0.00000,0.00000,0.00000,0.00000,1.00000,0.00000,0.00000,0.00000,5.00000,2.00000,7.00000,7.00000,7.00000,0.00000,11.77000,6.59528,90.00000,159.00000,31.00000,16.00000,0.00000
GIWKKWIKKWLKKLLKKLWKKG,22.00000,0.00000,0.00000,0.00000,0.00000,0.00000,0.00000,0.00000,2.00000,0.00000,2.00000,4.00000,10.00000,0.00000,0.00000,0.00000,0.00000,0.00000,4.00000,0.00000,0.00000,2.00000,2.00000,6.00000,4.00000,10.00000,10.00000,10.00000,0.00000,11.50000,9.58442,144.00000,234.00000,36.00000,23.00000,0.00000
LAREYKKIVEKLKRWLRQVLRTLR,24.00000,1.00000,5.00000,0.00000,0.00000,0.00000,1.00000,2.00000,0.00000,0.00000,1.00000,5.00000,4.00000,0.00000,0.00000,0.00000,0.00000,1.00000,1.00000,1.00000,2.00000,2.00000,2.00000,8.00000,2.00000,13.00000,11.00000,9.00000,2.00000,11.97000,6.59829,142.00000,247.00000,60.00000,32.00000,0.00000
IGKEFKRIVERIKRFLRELVRPLR,24.00000,0.00000,6.00000,0.00000,0.00000,0.00000,0.00000,3.00000,1.00000,0.00000,3.00000,3.00000,3.00000,0.00000,2.00000,1.00000,0.00000,0.00000,0.00000,0.00000,2.00000,1.00000,1.00000,8.00000,2.00000,12.00000,12.00000,9.00000,3.00000,12.20000,5.60471,140.00000,243.00000,63.00000,31.00000,0.00000
MLCVLQGLRE,10.00000,0.00000,1.00000,0.00000,0.00000,1.00000,1.00000,1.00000,1.00000,0.00000,0.00000,3.00000,0.00000,1.00000,0.00000,0.00000,0.00000,0.00000,0.00000,0.00000,1.00000,2.00000,2.00000,4.00000,0.00000,3.00000,2.00000,1.00000,1.00000,6.05000,-0.78458,49.00000,88.00000,17.00000,14.00000,2.00000
ELRLVCMGQL,10.00000,0.00000,1.00000,0.00000,0.00000,1.00000,1.00000,1.00000,1.00000,0.00000,0.00000,3.00000,0.00000,1.00000,0.00000,0.00000,0.00000,0.00000,0.00000,0.00000,1.00000,2.00000,2.00000,4.00000,0.00000,3.00000,2.00000,1.00000,1.00000,6.05000,-0.78458,49.00000,88.00000,17.00000,14.00000,2.00000
MLCVLQGLREGG,12.00000,0.00000,1.00000,0.00000,0.00000,1.00000,1.00000,1.00000,3.00000,0.00000,0.00000,3.00000,0.00000,1.00000,0.00000,0.00000,0.00000,0.00000,0.00000,0.00000,1.00000,4.00000,4.00000,4.00000,0.00000,3.00000,2.00000,1.00000,1.00000,6.05000,-0.78458,53.00000,94.00000,19.00000,16.00000,2.00000
MLCVLQGLREC,11.00000,0.00000,1.00000,0.00000,0.00000,2.00000,1.00000,1.00000,1.00000,0.00000,0.00000,3.00000,0.00000,1.00000,0.00000,0.00000,0.00000,0.00000,0.00000,0.00000,1.00000,3.00000,3.00000,4.00000,0.00000,3.00000,2.00000,1.00000,1.00000,5.96000,-1.18242,52.00000,93.00000,18.00000,15.00000,3.00000
VRLIVAVRIWRR,12.00000,1.00000,4.00000,0.00000,0.00000,0.00000,0.00000,0.00000,0.00000,0.00000,2.00000,1.00000,0.00000,0.00000,0.00000,0.00000,0.00000,0.00000,1.00000,0.00000,3.00000,1.00000,1.00000,6.00000,1.00000,4.00000,4.00000,4.00000,0.00000,12.96000,3.61305,71.00000,125.00000,37.00000,13.00000,0.00000
RRWIRVAVILRV,12.00000,1.00000,4.00000,0.00000,0.00000,0.00000,0.00000,0.00000,0.00000,0.00000,2.00000,1.00000,0.00000,0.00000,0.00000,0.00000,0.00000,0.00000,1.00000,0.00000,3.00000,1.00000,1.00000,6.00000,1.00000,4.00000,4.00000,4.00000,0.00000,12.96000,3.61305,71.00000,125.00000,37.00000,13.00000,0.00000
VRLIRAVRAWRV,12.00000,2.00000,4.00000,0.00000,0.00000,0.00000,0.00000,0.00000,0.00000,0.00000,1.00000,1.00000,0.00000,0.00000,0.00000,0.00000,0.00000,0.00000,1.00000,0.00000,3.00000,2.00000,2.00000,5.00000,1.00000,4.00000,4.00000,4.00000,0.00000,12.96000,3.61305,68.00000,119.00000,37.00000,13.00000,0.00000
VRWARVARILRV,12.00000,2.00000,4.00000,0.00000,0.00000,0.00000,0.00000,0.00000,0.00000,0.00000,1.00000,1.00000,0.00000,0.00000,0.00000,0.00000,0.00000,0.00000,1.00000,0.00000,3.00000,2.00000,2.00000,5.00000,1.00000,4.00000,4.00000,4.00000,0.00000,12.96000,3.61305,68.00000,119.00000,37.00000,13.00000,0.00000
VRLIWAVRIWRR,12.00000,1.00000,4.00000,0.00000,0.00000,0.00000,0.00000,0.00000,0.00000,0.00000,2.00000,1.00000,0.00000,0.00000,0.00000,0.00000,0.00000,0.00000,2.00000,0.00000,2.00000,1.00000,1.00000,5.00000,2.00000,4.00000,4.00000,4.00000,0.00000,12.96000,3.61305,77.00000,126.00000,38.00000,13.00000,0.00000
VRLIVRIWRR,10.00000,0.00000,4.00000,0.00000,0.00000,0.00000,0.00000,0.00000,0.00000,0.00000,2.00000,1.00000,0.00000,0.00000,0.00000,0.00000,0.00000,0.00000,1.00000,0.00000,2.00000,0.00000,0.00000,5.00000,1.00000,4.00000,4.00000,4.00000,0.00000,12.96000,3.61305,63.00000,111.00000,35.00000,11.00000,0.00000
RFKRVARVIW,10.00000,1.00000,3.00000,0.00000,0.00000,0.00000,0.00000,0.00000,0.00000,0.00000,1.00000,0.00000,1.00000,0.00000,1.00000,0.00000,0.00000,0.00000,1.00000,0.00000,2.00000,1.00000,1.00000,3.00000,2.00000,4.00000,4.00000,4.00000,0.00000,12.79000,3.61021,63.00000,103.00000,30.00000,11.00000,0.00000
IGIKLLKSKLKAL,13.00000,1.00000,0.00000,0.00000,0.00000,0.00000,0.00000,0.00000,1.00000,0.00000,2.00000,4.00000,4.00000,0.00000,0.00000,0.00000,1.00000,0.00000,0.00000,0.00000,0.00000,3.00000,3.00000,6.00000,0.00000,5.00000,4.00000,4.00000,0.00000,11.02000,3.60168,68.00000,129.00000,17.00000,15.00000,0.00000
IKIKIKIK,8.00000,0.00000,0.00000,0.00000,0.00000,0.00000,0.00000,0.00000,0.00000,0.00000,4.00000,0.00000,4.00000,0.00000,0.00000,0.00000,0.00000,0.00000,0.00000,0.00000,0.00000,0.00000,0.00000,4.00000,0.00000,4.00000,4.00000,4.00000,0.00000,11.02000,3.60168,48.00000,94.00000,12.00000,9.00000,0.00000
FKKVIVIRRWFI,12.00000,0.00000,2.00000,0.00000,0.00000,0.00000,0.00000,0.00000,0.00000,0.00000,3.00000,0.00000,2.00000,0.00000,2.00000,0.00000,0.00000,0.00000,1.00000,0.00000,2.00000,0.00000,0.00000,5.00000,3.00000,4.00000,4.00000,4.00000,0.00000,12.50000,3.60736,81.00000,129.00000,27.00000,13.00000,0.00000
KRIRWVILWRQV,12.00000,0.00000,3.00000,0.00000,0.00000,0.00000,1.00000,0.00000,0.00000,0.00000,2.00000,1.00000,1.00000,0.00000,0.00000,0.00000,0.00000,0.00000,2.00000,0.00000,2.00000,0.00000,0.00000,5.00000,2.00000,5.00000,4.00000,4.00000,0.00000,12.79000,3.61021,79.00000,129.00000,34.00000,14.00000,0.00000
VFLRRIRVIVIR,12.00000,0.00000,4.00000,0.00000,0.00000,0.00000,0.00000,0.00000,0.00000,0.00000,3.00000,1.00000,0.00000,0.00000,1.00000,0.00000,0.00000,0.00000,0.00000,0.00000,3.00000,0.00000,0.00000,7.00000,1.00000,4.00000,4.00000,4.00000,0.00000,12.96000,3.61305,72.00000,130.00000,36.00000,13.00000,0.00000
RIVIVRIRRLFV,12.00000,0.00000,4.00000,0.00000,0.00000,0.00000,0.00000,0.00000,0.00000,0.00000,3.00000,1.00000,0.00000,0.00000,1.00000,0.00000,0.00000,0.00000,0.00000,0.00000,3.00000,0.00000,0.00000,7.00000,1.00000,4.00000,4.00000,4.00000,0.00000,12.96000,3.61305,72.00000,130.00000,36.00000,13.00000,0.00000
VFWRRIRVWVIR,12.00000,0.00000,4.00000,0.00000,0.00000,0.00000,0.00000,0.00000,0.00000,0.00000,2.00000,0.00000,0.00000,0.00000,1.00000,0.00000,0.00000,0.00000,2.00000,0.00000,3.00000,0.00000,0.00000,5.00000,3.00000,4.00000,4.00000,4.00000,0.00000,12.96000,3.61305,82.00000,128.00000,38.00000,13.00000,0.00000
RIVWVRIRRWFV,12.00000,0.00000,4.00000,0.00000,0.00000,0.00000,0.00000,0.00000,0.00000,0.00000,2.00000,0.00000,0.00000,0.00000,1.00000,0.00000,0.00000,0.00000,2.00000,0.00000,3.00000,0.00000,0.00000,5.00000,3.00000,4.00000,4.00000,4.00000,0.00000,12.96000,3.61305,82.00000,128.00000,38.00000,13.00000,0.00000
VQLRAIRVRVIR,12.00000,1.00000,4.00000,0.00000,0.00000,0.00000,1.00000,0.00000,0.00000,0.00000,2.00000,1.00000,0.00000,0.00000,0.00000,0.00000,0.00000,0.00000,0.00000,0.00000,3.00000,1.00000,1.00000,6.00000,0.00000,5.00000,4.00000,4.00000,0.00000,12.96000,3.61305,65.00000,123.00000,37.00000,14.00000,0.00000
RIVRVRIARLQV,12.00000,1.00000,4.00000,0.00000,0.00000,0.00000,1.00000,0.00000,0.00000,0.00000,2.00000,1.00000,0.00000,0.00000,0.00000,0.00000,0.00000,0.00000,0.00000,0.00000,3.00000,1.00000,1.00000,6.00000,0.00000,5.00000,4.00000,4.00000,0.00000,12.96000,3.61305,65.00000,123.00000,37.00000,14.00000,0.00000
VQLRRIRVWVIR,12.00000,0.00000,4.00000,0.00000,0.00000,0.00000,1.00000,0.00000,0.00000,0.00000,2.00000,1.00000,0.00000,0.00000,0.00000,0.00000,0.00000,0.00000,1.00000,0.00000,3.00000,0.00000,0.00000,6.00000,1.00000,5.00000,4.00000,4.00000,0.00000,12.96000,3.61305,73.00000,128.00000,38.00000,14.00000,0.00000
RIVWVRIRRLQV,12.00000,0.00000,4.00000,0.00000,0.00000,0.00000,1.00000,0.00000,0.00000,0.00000,2.00000,1.00000,0.00000,0.00000,0.00000,0.00000,0.00000,0.00000,1.00000,0.00000,3.00000,0.00000,0.00000,6.00000,1.00000,5.00000,4.00000,4.00000,0.00000,12.96000,3.61305,73.00000,128.00000,38.00000,14.00000,0.00000
VQWRAIRVRVIR,12.00000,1.00000,4.00000,0.00000,0.00000,0.00000,1.00000,0.00000,0.00000,0.00000,2.00000,0.00000,0.00000,0.00000,0.00000,0.00000,0.00000,0.00000,1.00000,0.00000,3.00000,1.00000,1.00000,5.00000,1.00000,5.00000,4.00000,4.00000,0.00000,12.96000,3.61305,70.00000,122.00000,38.00000,14.00000,0.00000
RIVRVRAIRWQV,12.00000,1.00000,4.00000,0.00000,0.00000,0.00000,1.00000,0.00000,0.00000,0.00000,2.00000,0.00000,0.00000,0.00000,0.00000,0.00000,0.00000,0.00000,1.00000,0.00000,3.00000,1.00000,1.00000,5.00000,1.00000,5.00000,4.00000,4.00000,0.00000,12.96000,3.61305,70.00000,122.00000,38.00000,14.00000,0.00000
VQWRRIRVWVIR,12.00000,0.00000,4.00000,0.00000,0.00000,0.00000,1.00000,0.00000,0.00000,0.00000,2.00000,0.00000,0.00000,0.00000,0.00000,0.00000,0.00000,0.00000,2.00000,0.00000,3.00000,0.00000,0.00000,5.00000,2.00000,5.00000,4.00000,4.00000,0.00000,12.96000,3.61305,78.00000,127.00000,39.00000,14.00000,0.00000
RIVWVRIRRWQV,12.00000,0.00000,4.00000,0.00000,0.00000,0.00000,1.00000,0.00000,0.00000,0.00000,2.00000,0.00000,0.00000,0.00000,0.00000,0.00000,0.00000,0.00000,2.00000,0.00000,3.00000,0.00000,0.00000,5.00000,2.00000,5.00000,4.00000,4.00000,0.00000,12.96000,3.61305,78.00000,127.00000,39.00000,14.00000,0.00000
GTPGPQGIAGQRGVV,15.00000,1.00000,1.00000,0.00000,0.00000,0.00000,2.00000,0.00000,5.00000,0.00000,1.00000,0.00000,0.00000,0.00000,0.00000,2.00000,0.00000,1.00000,0.00000,0.00000,2.00000,7.00000,7.00000,3.00000,0.00000,4.00000,1.00000,1.00000,0.00000,10.35000,0.61315,59.00000,100.00000,23.00000,19.00000,0.00000
GTPGPQGIAGQRGVVAEAAAKEAAAKEAAAKASGSLSTFFRLFNRSFTQALGK,53.00000,13.00000,3.00000,1.00000,0.00000,0.00000,3.00000,3.00000,7.00000,0.00000,1.00000,3.00000,4.00000,0.00000,4.00000,2.00000,4.00000,3.00000,0.00000,0.00000,2.00000,27.00000,27.00000,6.00000,4.00000,21.00000,10.00000,7.00000,3.00000,10.97000,3.60193,233.00000,376.00000,79.00000,71.00000,0.00000
CGGLLLFLLKKRKKRKY,17.00000,0.00000,2.00000,0.00000,0.00000,1.00000,0.00000,0.00000,2.00000,0.00000,0.00000,5.00000,5.00000,0.00000,1.00000,0.00000,0.00000,0.00000,0.00000,1.00000,0.00000,3.00000,3.00000,5.00000,2.00000,7.00000,7.00000,7.00000,0.00000,11.18000,6.19744,97.00000,170.00000,34.00000,19.00000,1.00000
NGVQPKYKWWKWWKKWW,17.00000,0.00000,0.00000,1.00000,0.00000,0.00000,1.00000,0.00000,1.00000,0.00000,0.00000,0.00000,5.00000,0.00000,0.00000,1.00000,0.00000,0.00000,6.00000,1.00000,1.00000,1.00000,1.00000,1.00000,7.00000,7.00000,5.00000,5.00000,0.00000,10.83000,4.59535,126.00000,164.00000,30.00000,21.00000,0.00000
NGVQPKYRWWRWWRRWW,17.00000,0.00000,4.00000,1.00000,0.00000,0.00000,1.00000,0.00000,1.00000,0.00000,0.00000,0.00000,1.00000,0.00000,0.00000,1.00000,0.00000,0.00000,6.00000,1.00000,1.00000,1.00000,1.00000,1.00000,7.00000,7.00000,5.00000,5.00000,0.00000,12.49000,4.60672,126.00000,164.00000,50.00000,21.00000,0.00000
FWRIRIRR,8.00000,0.00000,4.00000,0.00000,0.00000,0.00000,0.00000,0.00000,0.00000,0.00000,2.00000,0.00000,0.00000,0.00000,1.00000,0.00000,0.00000,0.00000,1.00000,0.00000,0.00000,0.00000,0.00000,2.00000,2.00000,4.00000,4.00000,4.00000,0.00000,12.96000,3.61305,56.00000,91.00000,33.00000,9.00000,0.00000
PFWRIRIRR,9.00000,0.00000,4.00000,0.00000,0.00000,0.00000,0.00000,0.00000,0.00000,0.00000,2.00000,0.00000,0.00000,0.00000,1.00000,1.00000,0.00000,0.00000,1.00000,0.00000,0.00000,0.00000,0.00000,2.00000,2.00000,4.00000,4.00000,4.00000,0.00000,12.96000,3.61305,61.00000,98.00000,34.00000,10.00000,0.00000
PFFWRIRIRR,10.00000,0.00000,4.00000,0.00000,0.00000,0.00000,0.00000,0.00000,0.00000,0.00000,2.00000,0.00000,0.00000,0.00000,2.00000,1.00000,0.00000,0.00000,1.00000,0.00000,0.00000,0.00000,0.00000,2.00000,3.00000,4.00000,4.00000,4.00000,0.00000,12.96000,3.61305,70.00000,107.00000,35.00000,11.00000,0.00000
FWRRFWRR,8.00000,0.00000,4.00000,0.00000,0.00000,0.00000,0.00000,0.00000,0.00000,0.00000,0.00000,0.00000,0.00000,0.00000,2.00000,0.00000,0.00000,0.00000,2.00000,0.00000,0.00000,0.00000,0.00000,0.00000,4.00000,4.00000,4.00000,4.00000,0.00000,12.96000,3.61305,64.00000,88.00000,34.00000,9.00000,0.00000
KRAKKFFKKPK,11.00000,1.00000,1.00000,0.00000,0.00000,0.00000,0.00000,0.00000,0.00000,0.00000,0.00000,0.00000,6.00000,0.00000,2.00000,1.00000,0.00000,0.00000,0.00000,0.00000,0.00000,1.00000,1.00000,0.00000,2.00000,7.00000,7.00000,7.00000,0.00000,11.95000,6.59589,68.00000,116.00000,23.00000,12.00000,0.00000
KRFKKFFKKLK,11.00000,0.00000,1.00000,0.00000,0.00000,0.00000,0.00000,0.00000,0.00000,0.00000,0.00000,1.00000,6.00000,0.00000,3.00000,0.00000,0.00000,0.00000,0.00000,0.00000,0.00000,0.00000,0.00000,1.00000,3.00000,7.00000,7.00000,7.00000,0.00000,11.95000,6.59589,75.00000,124.00000,23.00000,12.00000,0.00000
LKLLKKLLKKLLKLL,15.00000,0.00000,0.00000,0.00000,0.00000,0.00000,0.00000,0.00000,0.00000,0.00000,0.00000,9.00000,6.00000,0.00000,0.00000,0.00000,0.00000,0.00000,0.00000,0.00000,0.00000,0.00000,0.00000,9.00000,0.00000,6.00000,6.00000,6.00000,0.00000,11.24000,5.59593,90.00000,173.00000,21.00000,16.00000,0.00000
KKKLLLLLLLLLKKK,15.00000,0.00000,0.00000,0.00000,0.00000,0.00000,0.00000,0.00000,0.00000,0.00000,0.00000,9.00000,6.00000,0.00000,0.00000,0.00000,0.00000,0.00000,0.00000,0.00000,0.00000,0.00000,0.00000,9.00000,0.00000,6.00000,6.00000,6.00000,0.00000,11.24000,5.59593,90.00000,173.00000,21.00000,16.00000,0.00000
LLLLLKKKKKKLLLL,15.00000,0.00000,0.00000,0.00000,0.00000,0.00000,0.00000,0.00000,0.00000,0.00000,0.00000,9.00000,6.00000,0.00000,0.00000,0.00000,0.00000,0.00000,0.00000,0.00000,0.00000,0.00000,0.00000,9.00000,0.00000,6.00000,6.00000,6.00000,0.00000,11.24000,5.59593,90.00000,173.00000,21.00000,16.00000,0.00000
WKKIRVRLSA,10.00000,1.00000,2.00000,0.00000,0.00000,0.00000,0.00000,0.00000,0.00000,0.00000,1.00000,1.00000,2.00000,0.00000,0.00000,0.00000,1.00000,0.00000,1.00000,0.00000,1.00000,2.00000,2.00000,3.00000,1.00000,5.00000,4.00000,4.00000,0.00000,12.50000,3.60736,58.00000,101.00000,25.00000,12.00000,0.00000
KWKIRVRLSA,10.00000,1.00000,2.00000,0.00000,0.00000,0.00000,0.00000,0.00000,0.00000,0.00000,1.00000,1.00000,2.00000,0.00000,0.00000,0.00000,1.00000,0.00000,1.00000,0.00000,1.00000,2.00000,2.00000,3.00000,1.00000,5.00000,4.00000,4.00000,0.00000,12.50000,3.60736,58.00000,101.00000,25.00000,12.00000,0.00000
KIKWILKYWKWS,12.00000,0.00000,0.00000,0.00000,0.00000,0.00000,0.00000,0.00000,0.00000,0.00000,2.00000,1.00000,4.00000,0.00000,0.00000,0.00000,1.00000,0.00000,3.00000,1.00000,0.00000,1.00000,1.00000,3.00000,4.00000,5.00000,4.00000,4.00000,0.00000,10.71000,3.59822,87.00000,127.00000,19.00000,15.00000,0.00000
RIRWILRYWRWS,12.00000,0.00000,4.00000,0.00000,0.00000,0.00000,0.00000,0.00000,0.00000,0.00000,2.00000,1.00000,0.00000,0.00000,0.00000,0.00000,1.00000,0.00000,3.00000,1.00000,0.00000,1.00000,1.00000,3.00000,4.00000,5.00000,4.00000,4.00000,0.00000,12.49000,3.60959,87.00000,127.00000,39.00000,15.00000,0.00000
GLLWHLLHHLLH,12.00000,0.00000,0.00000,0.00000,0.00000,0.00000,0.00000,0.00000,1.00000,4.00000,0.00000,6.00000,0.00000,0.00000,0.00000,0.00000,0.00000,0.00000,1.00000,0.00000,0.00000,1.00000,1.00000,6.00000,5.00000,4.00000,4.00000,4.00000,0.00000,7.45000,-0.34344,73.00000,109.00000,21.00000,13.00000,0.00000
LAAKLTKAATKLTAALTKLAAALT,24.00000,9.00000,0.00000,0.00000,0.00000,0.00000,0.00000,0.00000,0.00000,0.00000,0.00000,6.00000,4.00000,0.00000,0.00000,0.00000,0.00000,5.00000,0.00000,0.00000,0.00000,14.00000,14.00000,6.00000,0.00000,9.00000,4.00000,4.00000,0.00000,11.02000,3.60168,107.00000,196.00000,28.00000,30.00000,0.00000
DGVKLCDVPSGTWSGHCGSSSKCSQQCKDREHFAYGGACHYQFPSVKCFCKRQC,54.00000,2.00000,2.00000,0.00000,3.00000,8.00000,4.00000,1.00000,6.00000,3.00000,0.00000,1.00000,5.00000,0.00000,3.00000,2.00000,7.00000,1.00000,1.00000,2.00000,3.00000,24.00000,24.00000,4.00000,9.00000,26.00000,14.00000,10.00000,4.00000,7.89000,-0.55802,251.00000,378.00000,82.00000,77.00000,8.00000
LLPIVGNLLKSLL,13.00000,0.00000,0.00000,1.00000,0.00000,0.00000,0.00000,0.00000,1.00000,0.00000,1.00000,6.00000,1.00000,0.00000,0.00000,1.00000,1.00000,0.00000,0.00000,0.00000,1.00000,2.00000,2.00000,8.00000,0.00000,3.00000,1.00000,1.00000,0.00000,9.38000,0.61031,67.00000,121.00000,15.00000,16.00000,0.00000
RGLRRLGRKIAHGVKKYGPTVLRIIRIAG,29.00000,2.00000,6.00000,0.00000,0.00000,0.00000,0.00000,0.00000,5.00000,1.00000,4.00000,3.00000,3.00000,0.00000,0.00000,1.00000,0.00000,1.00000,0.00000,1.00000,2.00000,8.00000,8.00000,9.00000,2.00000,11.00000,10.00000,10.00000,0.00000,12.79000,8.61175,146.00000,260.00000,70.00000,32.00000,0.00000
GRFKRFRKKFKKLFKKLSPVIPLLHLG,27.00000,0.00000,3.00000,0.00000,0.00000,0.00000,0.00000,0.00000,2.00000,1.00000,1.00000,5.00000,7.00000,0.00000,4.00000,2.00000,1.00000,0.00000,0.00000,0.00000,1.00000,3.00000,3.00000,7.00000,5.00000,12.00000,11.00000,11.00000,0.00000,12.81000,9.60380,160.00000,265.00000,54.00000,29.00000,0.00000
GGLRSLGRKILRAWKKYGPIIVPIIRIG,28.00000,1.00000,4.00000,0.00000,0.00000,0.00000,0.00000,0.00000,5.00000,0.00000,6.00000,3.00000,3.00000,0.00000,0.00000,2.00000,1.00000,0.00000,1.00000,1.00000,1.00000,7.00000,7.00000,10.00000,2.00000,8.00000,7.00000,7.00000,0.00000,12.50000,6.60097,147.00000,252.00000,56.00000,31.00000,0.00000
FFGSVLKLIPKIL,13.00000,0.00000,0.00000,0.00000,0.00000,0.00000,0.00000,0.00000,1.00000,0.00000,2.00000,3.00000,2.00000,0.00000,2.00000,1.00000,1.00000,0.00000,0.00000,0.00000,1.00000,2.00000,2.00000,6.00000,2.00000,3.00000,2.00000,2.00000,0.00000,10.55000,1.60743,75.00000,123.00000,15.00000,15.00000,0.00000
GIHDILKYGKPS,12.00000,0.00000,0.00000,0.00000,1.00000,0.00000,0.00000,0.00000,2.00000,1.00000,2.00000,1.00000,2.00000,0.00000,0.00000,1.00000,1.00000,0.00000,0.00000,1.00000,0.00000,3.00000,3.00000,3.00000,2.00000,5.00000,4.00000,3.00000,1.00000,9.11000,0.61490,61.00000,98.00000,16.00000,17.00000,0.00000
VTCDVLSFEAKGIAVNHSACALHCIALRKKGGSCQNGVCVCRN,43.00000,5.00000,2.00000,3.00000,1.00000,6.00000,1.00000,1.00000,4.00000,2.00000,2.00000,3.00000,3.00000,0.00000,1.00000,0.00000,3.00000,1.00000,0.00000,0.00000,5.00000,19.00000,19.00000,10.00000,3.00000,17.00000,9.00000,7.00000,2.00000,8.07000,0.23933,186.00000,312.00000,66.00000,56.00000,6.00000
TFPKCAPTRPPGPKPCDINNFKSKFWHIWRA,31.00000,2.00000,2.00000,2.00000,1.00000,2.00000,0.00000,0.00000,1.00000,1.00000,2.00000,0.00000,4.00000,0.00000,3.00000,6.00000,1.00000,2.00000,2.00000,0.00000,0.00000,8.00000,8.00000,2.00000,6.00000,13.00000,8.00000,7.00000,1.00000,10.54000,3.81685,170.00000,251.00000,53.00000,39.00000,2.00000
ILSAIWSGIKSLF,13.00000,1.00000,0.00000,0.00000,0.00000,0.00000,0.00000,0.00000,1.00000,0.00000,3.00000,2.00000,1.00000,0.00000,1.00000,0.00000,3.00000,0.00000,1.00000,0.00000,0.00000,5.00000,5.00000,5.00000,2.00000,4.00000,1.00000,1.00000,0.00000,9.38000,0.61031,70.00000,111.00000,15.00000,17.00000,0.00000
KTKKKLLKKT,10.00000,0.00000,0.00000,0.00000,0.00000,0.00000,0.00000,0.00000,0.00000,0.00000,0.00000,2.00000,6.00000,0.00000,0.00000,0.00000,0.00000,2.00000,0.00000,0.00000,0.00000,2.00000,2.00000,2.00000,0.00000,8.00000,6.00000,6.00000,0.00000,11.24000,5.59593,56.00000,110.00000,16.00000,13.00000,0.00000
FLGMIPGLIGGLISAFK,17.00000,1.00000,0.00000,0.00000,0.00000,0.00000,0.00000,0.00000,4.00000,0.00000,3.00000,3.00000,1.00000,1.00000,2.00000,1.00000,1.00000,0.00000,0.00000,0.00000,0.00000,6.00000,6.00000,6.00000,2.00000,2.00000,1.00000,1.00000,0.00000,9.38000,0.61031,84.00000,136.00000,18.00000,19.00000,1.00000
VKLFPVKLFP,10.00000,0.00000,0.00000,0.00000,0.00000,0.00000,0.00000,0.00000,0.00000,0.00000,0.00000,2.00000,2.00000,0.00000,2.00000,2.00000,0.00000,0.00000,0.00000,0.00000,2.00000,0.00000,0.00000,4.00000,2.00000,2.00000,2.00000,2.00000,0.00000,10.55000,1.60743,62.00000,98.00000,12.00000,11.00000,0.00000
FIGMIPGLIGGLISAFK,17.00000,1.00000,0.00000,0.00000,0.00000,0.00000,0.00000,0.00000,4.00000,0.00000,4.00000,2.00000,1.00000,1.00000,2.00000,1.00000,1.00000,0.00000,0.00000,0.00000,0.00000,6.00000,6.00000,6.00000,2.00000,2.00000,1.00000,1.00000,0.00000,9.38000,0.61031,84.00000,136.00000,18.00000,19.00000,1.00000
FFGTLFKLGSKLIPGVMKLFSKKKER,26.00000,0.00000,1.00000,0.00000,0.00000,0.00000,0.00000,1.00000,3.00000,0.00000,1.00000,4.00000,6.00000,1.00000,4.00000,1.00000,2.00000,1.00000,0.00000,0.00000,1.00000,6.00000,6.00000,6.00000,4.00000,11.00000,8.00000,7.00000,1.00000,11.22000,5.59601,144.00000,235.00000,38.00000,32.00000,1.00000
WWWLRKIW,8.00000,0.00000,1.00000,0.00000,0.00000,0.00000,0.00000,0.00000,0.00000,0.00000,1.00000,1.00000,1.00000,0.00000,0.00000,0.00000,0.00000,0.00000,4.00000,0.00000,0.00000,0.00000,0.00000,2.00000,4.00000,2.00000,2.00000,2.00000,0.00000,11.52000,1.61027,68.00000,88.00000,19.00000,9.00000,0.00000
ALWKEVLKNAGKAALNEINNLV,22.00000,4.00000,0.00000,4.00000,0.00000,0.00000,0.00000,2.00000,1.00000,0.00000,1.00000,4.00000,3.00000,0.00000,0.00000,0.00000,0.00000,0.00000,1.00000,0.00000,2.00000,5.00000,5.00000,7.00000,1.00000,9.00000,5.00000,3.00000,2.00000,9.12000,0.60479,109.00000,182.00000,30.00000,31.00000,0.00000
NKGCSACAIGAACLADGPIPDFEVAGITGTFGIAS,35.00000,7.00000,0.00000,1.00000,2.00000,3.00000,0.00000,1.00000,6.00000,0.00000,4.00000,1.00000,1.00000,0.00000,2.00000,2.00000,2.00000,2.00000,0.00000,0.00000,1.00000,20.00000,20.00000,6.00000,2.00000,9.00000,4.00000,1.00000,3.00000,3.89000,-3.58294,142.00000,225.00000,37.00000,47.00000,3.00000
KTKKKFLKKT,10.00000,0.00000,0.00000,0.00000,0.00000,0.00000,0.00000,0.00000,0.00000,0.00000,0.00000,1.00000,6.00000,0.00000,1.00000,0.00000,0.00000,2.00000,0.00000,0.00000,0.00000,2.00000,2.00000,1.00000,1.00000,8.00000,6.00000,6.00000,0.00000,11.24000,5.59593,59.00000,108.00000,16.00000,13.00000,0.00000
FFRNLWKGAKAAFRAGHAAWRA,22.00000,7.00000,3.00000,1.00000,0.00000,0.00000,0.00000,0.00000,2.00000,1.00000,0.00000,1.00000,2.00000,0.00000,3.00000,0.00000,0.00000,0.00000,2.00000,0.00000,0.00000,9.00000,9.00000,1.00000,6.00000,7.00000,6.00000,6.00000,0.00000,12.79000,4.61818,120.00000,174.00000,47.00000,24.00000,0.00000
ILSAIWSGIKSLF,13.00000,1.00000,0.00000,0.00000,0.00000,0.00000,0.00000,0.00000,1.00000,0.00000,3.00000,2.00000,1.00000,0.00000,1.00000,0.00000,3.00000,0.00000,1.00000,0.00000,0.00000,5.00000,5.00000,5.00000,2.00000,4.00000,1.00000,1.00000,0.00000,9.38000,0.61031,70.00000,111.00000,15.00000,17.00000,0.00000
KTKKKLLKKT,10.00000,0.00000,0.00000,0.00000,0.00000,0.00000,0.00000,0.00000,0.00000,0.00000,0.00000,2.00000,6.00000,0.00000,0.00000,0.00000,0.00000,2.00000,0.00000,0.00000,0.00000,2.00000,2.00000,2.00000,0.00000,8.00000,6.00000,6.00000,0.00000,11.24000,5.59593,56.00000,110.00000,16.00000,13.00000,0.00000
DGVKLCDVPSGTWSGHCGSSSKCSQQCKDREHFAYGGACHYQFPSVKCFCKRQC,54.00000,2.00000,2.00000,0.00000,3.00000,8.00000,4.00000,1.00000,6.00000,3.00000,0.00000,1.00000,5.00000,0.00000,3.00000,2.00000,7.00000,1.00000,1.00000,2.00000,3.00000,24.00000,24.00000,4.00000,9.00000,26.00000,14.00000,10.00000,4.00000,7.89000,-0.55802,251.00000,378.00000,82.00000,77.00000,8.00000
ALWKEVLKNAGKAALNEINNLV,22.00000,4.00000,0.00000,4.00000,0.00000,0.00000,0.00000,2.00000,1.00000,0.00000,1.00000,4.00000,3.00000,0.00000,0.00000,0.00000,0.00000,0.00000,1.00000,0.00000,2.00000,5.00000,5.00000,7.00000,1.00000,9.00000,5.00000,3.00000,2.00000,9.12000,0.60479,109.00000,182.00000,30.00000,31.00000,0.00000
NKGCSACAIGAACLADGPIPDFEVAGITGTFGIAS,35.00000,7.00000,0.00000,1.00000,2.00000,3.00000,0.00000,1.00000,6.00000,0.00000,4.00000,1.00000,1.00000,0.00000,2.00000,2.00000,2.00000,2.00000,0.00000,0.00000,1.00000,20.00000,20.00000,6.00000,2.00000,9.00000,4.00000,1.00000,3.00000,3.89000,-3.58294,142.00000,225.00000,37.00000,47.00000,3.00000
FFRNLWKGAKAAFRAGHAAWRA,22.00000,7.00000,3.00000,1.00000,0.00000,0.00000,0.00000,0.00000,2.00000,1.00000,0.00000,1.00000,2.00000,0.00000,3.00000,0.00000,0.00000,0.00000,2.00000,0.00000,0.00000,9.00000,9.00000,1.00000,6.00000,7.00000,6.00000,6.00000,0.00000,12.79000,4.61818,120.00000,174.00000,47.00000,24.00000,0.00000
CVNWKKILGKIIKVVK,16.00000,0.00000,0.00000,1.00000,0.00000,1.00000,0.00000,0.00000,1.00000,0.00000,3.00000,1.00000,5.00000,0.00000,0.00000,0.00000,0.00000,0.00000,1.00000,0.00000,3.00000,2.00000,2.00000,7.00000,1.00000,6.00000,5.00000,5.00000,0.00000,10.72000,4.20096,89.00000,157.00000,23.00000,18.00000,1.00000
CWFWKWWRRRRR,12.00000,0.00000,5.00000,0.00000,0.00000,1.00000,0.00000,0.00000,0.00000,0.00000,0.00000,0.00000,1.00000,0.00000,1.00000,0.00000,0.00000,0.00000,4.00000,0.00000,0.00000,1.00000,1.00000,0.00000,5.00000,6.00000,6.00000,6.00000,0.00000,12.66000,5.21230,92.00000,128.00000,47.00000,13.00000,1.00000
EVASFDKSKLK,11.00000,1.00000,0.00000,0.00000,1.00000,0.00000,0.00000,1.00000,0.00000,0.00000,0.00000,1.00000,3.00000,0.00000,1.00000,0.00000,2.00000,0.00000,0.00000,0.00000,1.00000,3.00000,3.00000,2.00000,1.00000,7.00000,5.00000,3.00000,2.00000,9.12000,0.60475,56.00000,94.00000,14.00000,18.00000,0.00000
FFGKVLKLIRKIF,13.00000,0.00000,1.00000,0.00000,0.00000,0.00000,0.00000,0.00000,1.00000,0.00000,2.00000,2.00000,3.00000,0.00000,3.00000,0.00000,0.00000,0.00000,0.00000,0.00000,1.00000,1.00000,1.00000,5.00000,3.00000,4.00000,4.00000,4.00000,0.00000,11.78000,3.60452,82.00000,133.00000,22.00000,14.00000,0.00000
DIIIIFPPFG,10.00000,0.00000,0.00000,0.00000,1.00000,0.00000,0.00000,0.00000,1.00000,0.00000,4.00000,0.00000,0.00000,0.00000,2.00000,2.00000,0.00000,0.00000,0.00000,0.00000,0.00000,1.00000,1.00000,4.00000,2.00000,1.00000,1.00000,0.00000,1.00000,3.78000,-1.38674,58.00000,86.00000,10.00000,13.00000,0.00000
TREWDG,6.00000,0.00000,1.00000,0.00000,1.00000,0.00000,0.00000,1.00000,1.00000,0.00000,0.00000,0.00000,0.00000,0.00000,0.00000,0.00000,0.00000,1.00000,1.00000,0.00000,0.00000,2.00000,2.00000,0.00000,1.00000,4.00000,3.00000,1.00000,2.00000,4.19000,-1.38665,32.00000,46.00000,13.00000,12.00000,0.00000
YTNGNWVPS,9.00000,0.00000,0.00000,2.00000,0.00000,0.00000,0.00000,0.00000,1.00000,0.00000,0.00000,0.00000,0.00000,0.00000,0.00000,1.00000,1.00000,1.00000,1.00000,1.00000,1.00000,3.00000,3.00000,1.00000,2.00000,4.00000,0.00000,0.00000,0.00000,5.93000,-0.39027,47.00000,64.00000,12.00000,15.00000,0.00000
MLDWKY,6.00000,0.00000,0.00000,0.00000,1.00000,0.00000,0.00000,0.00000,0.00000,0.00000,0.00000,1.00000,1.00000,1.00000,0.00000,0.00000,0.00000,0.00000,1.00000,1.00000,0.00000,0.00000,0.00000,1.00000,2.00000,2.00000,2.00000,1.00000,1.00000,6.15000,-0.39307,41.00000,58.00000,8.00000,10.00000,1.00000
MMDWHY,6.00000,0.00000,0.00000,0.00000,1.00000,0.00000,0.00000,0.00000,0.00000,1.00000,0.00000,0.00000,0.00000,2.00000,0.00000,0.00000,0.00000,0.00000,1.00000,1.00000,0.00000,0.00000,0.00000,0.00000,3.00000,2.00000,2.00000,1.00000,1.00000,5.08000,-1.37935,40.00000,51.00000,9.00000,10.00000,2.00000
GIFWEQ,6.00000,0.00000,0.00000,0.00000,0.00000,0.00000,1.00000,1.00000,1.00000,0.00000,1.00000,0.00000,0.00000,0.00000,1.00000,0.00000,0.00000,0.00000,1.00000,0.00000,0.00000,1.00000,1.00000,1.00000,2.00000,2.00000,1.00000,0.00000,1.00000,3.86000,-1.38670,38.00000,50.00000,8.00000,10.00000,0.00000
DVRSNKIRLWWENIFFNKK,19.00000,0.00000,2.00000,3.00000,1.00000,0.00000,0.00000,1.00000,0.00000,0.00000,2.00000,1.00000,3.00000,0.00000,2.00000,0.00000,1.00000,0.00000,2.00000,0.00000,1.00000,1.00000,1.00000,4.00000,4.00000,11.00000,7.00000,5.00000,2.00000,10.82000,2.60468,117.00000,177.00000,39.00000,28.00000,0.00000
SAVDWWRL,8.00000,1.00000,1.00000,0.00000,1.00000,0.00000,0.00000,0.00000,0.00000,0.00000,0.00000,1.00000,0.00000,0.00000,0.00000,0.00000,1.00000,0.00000,2.00000,0.00000,1.00000,2.00000,2.00000,2.00000,2.00000,3.00000,2.00000,1.00000,1.00000,6.15000,-0.38677,49.00000,69.00000,16.00000,12.00000,0.00000
EFDWWNLG,8.00000,0.00000,0.00000,1.00000,1.00000,0.00000,0.00000,1.00000,1.00000,0.00000,0.00000,1.00000,0.00000,0.00000,1.00000,0.00000,0.00000,0.00000,2.00000,0.00000,0.00000,1.00000,1.00000,1.00000,3.00000,3.00000,2.00000,0.00000,2.00000,3.57000,-2.38662,52.00000,63.00000,11.00000,14.00000,0.00000
DIFKLVIDHISMKARKK,17.00000,1.00000,1.00000,0.00000,2.00000,0.00000,0.00000,0.00000,0.00000,1.00000,3.00000,1.00000,4.00000,1.00000,1.00000,0.00000,1.00000,0.00000,0.00000,0.00000,1.00000,2.00000,2.00000,5.00000,2.00000,9.00000,8.00000,6.00000,2.00000,10.54000,2.61265,93.00000,160.00000,29.00000,23.00000,1.00000
